Date,Name,Year,Letterboxd URI,Rating,Rewatch,Tags,Watched Date
2015-04-04,Gone Girl,2014,https://letterboxd.com/malantonio/film/gone-girl/,3.5,,"digital, theater",2015-01-01
2015-04-04,Cocaine: One Man's Seduction,1983,https://letterboxd.com/malantonio/film/cocaine-one-mans-seduction/,2.5,,"streaming, netflix",2015-01-03
2015-04-04,Sabotage,2014,https://letterboxd.com/malantonio/film/sabotage-2014/,3,,"streaming, netflix",2015-01-04
2015-04-04,Batman Returns,1992,https://letterboxd.com/malantonio/film/batman-returns/,2.5,,"streaming, netflix",2015-01-04
2015-04-04,Flashdance,1983,https://letterboxd.com/malantonio/film/flashdance/,4,,"streaming, netflix",2015-01-09
2015-04-04,Scarface,1983,https://letterboxd.com/malantonio/film/scarface-1983/,4,Yes,"digital, theater",2015-01-10
2015-04-04,Guardians of the Galaxy,2014,https://letterboxd.com/malantonio/film/guardians-of-the-galaxy/,4,,blu-ray,2015-01-14
2015-04-04,Friday the 13th Part III,1982,https://letterboxd.com/malantonio/film/friday-the-13th-part-iii/,3.5,,"streaming, netflix",2015-01-15
2015-04-04,The Babadook,2014,https://letterboxd.com/malantonio/film/the-babadook/,4,,download,2015-01-15
2015-04-04,Dawn Anna,2005,https://letterboxd.com/malantonio/film/dawn-anna/,3.5,,,2015-01-15
2015-04-04,Dark Skies,2013,https://letterboxd.com/malantonio/film/dark-skies-2013/,3.5,,"streaming, netflix",2015-01-16
2015-04-04,Whitney,2015,https://letterboxd.com/malantonio/film/film:246286/,3.5,,"download, lifetime",2015-01-23
2015-01-30,The Thing,1982,https://letterboxd.com/malantonio/film/the-thing/,4.5,Yes,"dvd, streaming, netflix",2015-01-26
2015-01-30,Jodi Arias: Dirty Little Secret,2013,https://letterboxd.com/malantonio/film/jodi-arias-dirty-little-secret/,3,,"lifetime, netflix, streaming",2015-01-27
2015-01-30,Cool Runnings,1993,https://letterboxd.com/malantonio/film/cool-runnings/,4,Yes,"streaming, netflix",2015-01-27
2015-02-07,The Town that Dreaded Sundown,2014,https://letterboxd.com/malantonio/film/the-town-that-dreaded-sundown-2014/,2,,"netflix, streaming",2015-02-05
2015-03-03,Obvious Child,2014,https://letterboxd.com/malantonio/film/obvious-child/,4,,"dvd, redbox",2015-02-27
2015-03-04,Shooter,2007,https://letterboxd.com/malantonio/film/shooter/,2,,"streaming, netflix",2015-03-02
2015-03-13,The Theory of Everything,2014,https://letterboxd.com/malantonio/film/the-theory-of-everything-2014/,4,,"dvd, library",2015-03-12
2015-03-15,Enough Said,2013,https://letterboxd.com/malantonio/film/enough-said/,4,,"streaming, netflix",2015-03-14
2015-03-20,Run All Night,2015,https://letterboxd.com/malantonio/film/run-all-night/,2.5,,"digital, theater",2015-03-19
2015-03-21,Life Itself,2014,https://letterboxd.com/malantonio/film/life-itself/,4,,"streaming, netflix",2015-03-20
2015-03-22,Taxi Driver,1976,https://letterboxd.com/malantonio/film/taxi-driver/,4.5,Yes,"streaming, netflix",2015-03-21
2015-03-27,The Thin Blue Line,1988,https://letterboxd.com/malantonio/film/the-thin-blue-line/,3,,,2015-03-26
2015-03-28,No No: A Dockumentary,2014,https://letterboxd.com/malantonio/film/no-no-a-dockumentary/,4,,download,2015-03-27
2015-03-31,Going Clear: Scientology and the Prison of Belief,2015,https://letterboxd.com/malantonio/film/going-clear-scientology-and-the-prison-of-belief/,4,,"streaming, hbo",2015-03-30
2015-04-03,Interstellar,2014,https://letterboxd.com/malantonio/film/interstellar/,4,,download,2015-04-02
2015-04-04,Atari: Game Over,2014,https://letterboxd.com/malantonio/film/atari-game-over/,3.5,,"streaming, netflix",2015-04-02
2015-04-04,The Master,2012,https://letterboxd.com/malantonio/film/the-master-2012/,4,Yes,"streaming, netflix",2015-04-03
2015-04-04,Restless Virgins,2013,https://letterboxd.com/malantonio/film/restless-virgins/,2.5,,,2015-04-03
2015-04-04,Showgirls,1995,https://letterboxd.com/malantonio/film/showgirls/,3,,"streaming, netflix",2015-04-03
2015-04-05,Free Angela and All Political Prisoners,2012,https://letterboxd.com/malantonio/film/free-angela-and-all-political-prisoners/,4,,download,2015-04-04
2015-04-06,Saving Grace,2000,https://letterboxd.com/malantonio/film/saving-grace/,4,,"streaming, netflix",2015-04-05
2015-04-07,Furious 7,2015,https://letterboxd.com/malantonio/film/furious-7/,3,,,2015-04-06
2015-04-11,Cobra,1986,https://letterboxd.com/malantonio/film/cobra-1986/,4,,vhs,2015-04-10
2015-04-14,Inherent Vice,2014,https://letterboxd.com/malantonio/film/inherent-vice/,4,,download,2015-04-13
2015-04-26,Foxcatcher,2014,https://letterboxd.com/malantonio/film/foxcatcher/,4,,"blu-ray, redbox",2015-04-25
2015-05-06,Cobain: Montage of Heck,2015,https://letterboxd.com/malantonio/film/cobain-montage-of-heck/,4.5,,"hbo, streaming",2015-05-05
2015-05-09,Big Eyes,2014,https://letterboxd.com/malantonio/film/big-eyes/,4,,,2015-05-07
2015-05-09,Dragon Wars: D-War,2007,https://letterboxd.com/malantonio/film/dragon-wars-d-war/,2,,dvd,2015-05-08
2015-05-11,Dante's Inferno: An Animated Epic,2010,https://letterboxd.com/malantonio/film/dantes-inferno-an-animated-epic/,4,,dvd,2015-05-10
2015-05-12,Nightcrawler,2014,https://letterboxd.com/malantonio/film/nightcrawler/,4,,dvd,2015-05-11
2015-05-14,Dirty Girls,2000,https://letterboxd.com/malantonio/film/dirty-girls/,5,,"streaming, youtube",2015-05-13
2015-05-16,Repo Man,1984,https://letterboxd.com/malantonio/film/repo-man/,5,Yes,"35mm, theater",2015-05-15
2015-05-19,All Good Things,2010,https://letterboxd.com/malantonio/film/all-good-things/,3.5,,"hbo, streaming",2015-05-18
2015-05-22,Beyond Clueless,2014,https://letterboxd.com/malantonio/film/beyond-clueless/,3.5,,"netflix, streaming",2015-05-21
2015-05-23,Disturbing Behavior,1998,https://letterboxd.com/malantonio/film/disturbing-behavior/,3,,"netflix, streaming",2015-05-22
2015-05-23,Ginger Snaps,2000,https://letterboxd.com/malantonio/film/ginger-snaps/,4,,"Hulu, streaming",2015-05-22
2015-05-26,This Is Where I Leave You,2014,https://letterboxd.com/malantonio/film/this-is-where-i-leave-you/,3,,"hbo, streaming",2015-05-25
2015-05-26,Cleveland Abduction,2015,https://letterboxd.com/malantonio/film/cleveland-abduction/,3.5,,"lifetime, streaming",2015-05-25
2015-05-29,Cobain: Montage of Heck,2015,https://letterboxd.com/malantonio/film/cobain-montage-of-heck/1/,4,Yes,,2015-05-28
2015-06-29,Blow-Up,1966,https://letterboxd.com/malantonio/film/blow-up/,4.5,Yes,theater,2015-06-28
2015-06-29,Blow Out,1981,https://letterboxd.com/malantonio/film/blow-out/,3.5,Yes,digital,2015-06-28
2015-06-29,It Follows,2014,https://letterboxd.com/malantonio/film/it-follows/,4,,download,2015-06-28
2015-07-11,Fatal Honeymoon,2012,https://letterboxd.com/malantonio/film/fatal-honeymoon/,3,,"netflix, streaming",2015-07-10
2015-07-15,Night Will Fall,2014,https://letterboxd.com/malantonio/film/night-will-fall/,4,,"streaming, hbo",2015-07-14
2015-07-20,Trainwreck,2015,https://letterboxd.com/malantonio/film/trainwreck/,4,,"digital, theater",2015-07-19
2015-07-20,Tig,2015,https://letterboxd.com/malantonio/film/tig/,5,,"netflix, streaming",2015-07-19
2015-07-20,Todd Barry: The Crowd Work Tour,2014,,5,,"netflix, streaming",2015-07-19
2015-08-23,Revolution '67,2007,https://letterboxd.com/malantonio/film/revolution-67/,3,,dvd,2015-08-22
2015-08-23,Finding Vivian Maier,2013,https://letterboxd.com/malantonio/film/finding-vivian-maier/,4,,"download, digital",2015-08-23
2015-10-11,A Nightmare on Elm Street,1984,https://letterboxd.com/malantonio/film/a-nightmare-on-elm-street/1/,3.5,,,2015-08-30
2015-09-06,Black Sunday,1960,https://letterboxd.com/malantonio/film/black-sunday-1960/,3.5,Yes,"35mm, theater",2015-09-06
2015-09-06,Demons 2,1986,https://letterboxd.com/malantonio/film/demons-2/,4,,"35mm, theater",2015-09-06
2015-09-06,A Bay of Blood,1971,https://letterboxd.com/malantonio/film/a-bay-of-blood/,3,Yes,"35mm, theater",2015-09-06
2015-09-06,Night of the Zombies,1980,https://letterboxd.com/malantonio/film/night-of-the-zombies-1980/,2.5,,"35mm, theater",2015-09-06
2015-09-06,The House by the Cemetery,1981,https://letterboxd.com/malantonio/film/the-house-by-the-cemetery/,4,,"35mm, theater",2015-09-06
2015-09-12,Preservation,2014,https://letterboxd.com/malantonio/film/preservation/,3,,netflix,2015-09-11
2015-09-13,Troll 2,1990,https://letterboxd.com/malantonio/film/troll-2/,3.5,,dvd,2015-09-11
2015-09-13,The Sacrament,2013,https://letterboxd.com/malantonio/film/the-sacrament/,3.5,,netflix,2015-09-12
2015-09-13,Best Worst Movie,2009,https://letterboxd.com/malantonio/film/best-worst-movie/,3.5,,"download, streaming",2015-09-12
2015-09-14,White Bird in a Blizzard,2014,https://letterboxd.com/malantonio/film/white-bird-in-a-blizzard/,4,,"netflix, lifetime",2015-09-13
2015-09-19,Citizenfour,2014,https://letterboxd.com/malantonio/film/citizenfour/,5,,"streaming, hbo",2015-09-18
2015-09-20,True Story,2015,https://letterboxd.com/malantonio/film/true-story/,3.5,,"dvd, redbox",2015-09-19
2015-09-22,The Inauguration of the Pleasure Dome,1954,https://letterboxd.com/malantonio/film/the-inauguration-of-the-pleasure-dome/,3.5,,dvd,2015-09-21
2015-09-23,The Cowboy and the Frenchman,1988,https://letterboxd.com/malantonio/film/the-cowboy-and-the-frenchman/,4,,dvd,2015-09-21
2015-09-23,Premonition Following an Evil Deed,1995,https://letterboxd.com/malantonio/film/premonition-following-an-evil-deed/,4.5,,dvd,2015-09-21
2015-09-27,A Spell to Ward Off the Darkness,2013,https://letterboxd.com/malantonio/film/a-spell-to-ward-off-the-darkness/,4,,"streaming, amazon, rental",2015-09-26
2015-09-28,Ungodly Acts,2015,https://letterboxd.com/malantonio/film/ungodly-acts/,1.5,,"lifetime, streaming",2015-09-27
2015-10-02,Begotten,1990,https://letterboxd.com/malantonio/film/begotten/,3.5,,download,2015-10-01
2015-10-03,Eaten Alive,1976,https://letterboxd.com/malantonio/film/eaten-alive/,3,,download,2015-10-02
2015-10-06,The Others,2001,https://letterboxd.com/malantonio/film/the-others/,3.5,,"netflix, streaming",2015-10-05
2015-10-10,Halloween,1978,https://letterboxd.com/malantonio/film/halloween-1978/,4,Yes,dvd,2015-10-09
2015-10-10,Halloween II,1981,https://letterboxd.com/malantonio/film/halloween-ii-1981/,3.5,,download,2015-10-09
2015-10-10,Secrets in the Walls,2010,https://letterboxd.com/malantonio/film/secrets-in-the-walls/,3,,"lifetime, streaming",2015-10-09
2015-10-11,A Nightmare on Elm Street,1984,https://letterboxd.com/malantonio/film/a-nightmare-on-elm-street/,3.5,,"digital, theater",2015-10-11
2015-10-14,Halloween 4: The Return of Michael Myers,1988,https://letterboxd.com/malantonio/film/halloween-4-the-return-of-michael-myers/,3.5,,download,2015-10-13
2015-10-16,Dante's Peak,1997,https://letterboxd.com/malantonio/film/dantes-peak/,3.5,,vhs,2015-10-15
2015-10-17,When a Stranger Calls,1979,https://letterboxd.com/malantonio/film/when-a-stranger-calls/,3.5,,blu-ray,2015-10-16
2015-10-20,The Return of the Living Dead,1985,https://letterboxd.com/malantonio/film/the-return-of-the-living-dead/,3.5,,blu-ray,2015-10-19
2015-10-25,"As Above, So Below",2014,https://letterboxd.com/malantonio/film/as-above-so-below-2014/,3.5,,download,2015-10-24
2015-10-31,House of 1000 Corpses,2003,https://letterboxd.com/malantonio/film/house-of-1000-corpses/,2.5,Yes,download,2015-10-30
2015-10-31,The Devil's Rejects,2005,https://letterboxd.com/malantonio/film/the-devils-rejects/,3,,download,2015-10-30
2015-10-31,The Nightmare,2015,https://letterboxd.com/malantonio/film/the-nightmare-2015/,4,,netflix,2015-10-30
2015-11-01,Friday the 13th Part 2,1981,https://letterboxd.com/malantonio/film/friday-the-13th-part-2/,4,Yes,dvd,2015-10-31
2015-11-01,Friday the 13th Part III,1982,https://letterboxd.com/malantonio/film/friday-the-13th-part-iii/1/,3.5,Yes,dvd,2015-10-31
2015-11-02,Misery Loves Comedy,2015,https://letterboxd.com/malantonio/film/misery-loves-comedy/,4,,"amazon, streaming",2015-11-01
2015-11-14,Friday the 13th Part VI: Jason Lives,1986,https://letterboxd.com/malantonio/film/friday-the-13th-part-vi-jason-lives/,2,Yes,DVD,2015-11-13
2015-11-21,Goodnight Mommy,2014,https://letterboxd.com/malantonio/film/goodnight-mommy/,4,,download,2015-11-20
2015-11-22,Blade Runner,1982,https://letterboxd.com/malantonio/film/blade-runner/,4,Yes,"blu-ray, us theatrical cut",2015-11-21
2015-11-26,Pure Country,1992,https://letterboxd.com/malantonio/film/pure-country/,2.5,,"streaming, feeln",2015-11-25
2015-12-07,Everybody's Fine,2009,https://letterboxd.com/malantonio/film/everybodys-fine-2009/,3,,"streaming, feeln",2015-12-06
2015-12-08,Point Blank,1967,https://letterboxd.com/malantonio/film/point-blank/,4,,"dvd, library",2015-12-07
2015-12-12,In a Lonely Place,1950,https://letterboxd.com/malantonio/film/in-a-lonely-place/,3.5,,"dvd, film noir",2015-12-11
2015-12-12,Die Hard,1988,https://letterboxd.com/malantonio/film/die-hard/,5,Yes,dvd,2015-12-11
2015-12-14,Krampus,2015,https://letterboxd.com/malantonio/film/krampus/,3,,"digital, theater",2015-12-13
2015-12-19,Eyes Wide Shut,1999,https://letterboxd.com/malantonio/film/eyes-wide-shut/,4.5,Yes,"netflix, streaming",2015-12-18
2015-12-19,A Dog Named Christmas,2009,https://letterboxd.com/malantonio/film/a-dog-named-christmas/,3,,"feeln, streaming",2015-12-18
2015-12-20,Beyond the Darkness,1979,https://letterboxd.com/malantonio/film/beyond-the-darkness/,3,,download,2015-12-19
2015-12-22,Star Wars: The Force Awakens,2015,https://letterboxd.com/malantonio/film/star-wars-the-force-awakens/,4,,"digital, theater",2015-12-21
2015-12-30,An Unreal Dream: The Michael Morton Story,2013,https://letterboxd.com/malantonio/film/an-unreal-dream-the-michael-morton-story/,3,,"netflix, streaming",2015-12-29
2016-01-09,Shania A Life in Eight Albums,2005,https://letterboxd.com/malantonio/film/shania-a-life-in-eight-albums/,3.5,,"streaming, feeln",2016-01-08
2016-01-10,Female Trouble,1974,https://letterboxd.com/malantonio/film/female-trouble/,4,,download,2016-01-09
2016-01-10,Practical Magic,1998,https://letterboxd.com/malantonio/film/practical-magic/,3.5,,"netflix, streaming",2016-01-09
2016-01-11,Mad Max: Fury Road,2015,https://letterboxd.com/malantonio/film/mad-max-fury-road/,4,,"hbo, streaming",2016-01-10
2016-01-25,Win Win,2011,https://letterboxd.com/malantonio/film/win-win/,4,,"streaming, hbo",2016-01-24
2016-01-30,Ex Machina,2014,https://letterboxd.com/malantonio/film/ex-machina-2014/,3.5,,"amazon, streaming",2016-01-29
2016-01-31,Ghost World,2001,https://letterboxd.com/malantonio/film/ghost-world/,4,Yes,vhs,2016-01-30
2016-01-31,The Revenant,2015,https://letterboxd.com/malantonio/film/the-revenant-2015/,4,,"digital, theater",2016-01-30
2016-02-09,Crossfire,1947,https://letterboxd.com/malantonio/film/crossfire/,3.5,,"film noir, download",2016-02-08
2016-02-12,The Passenger,1975,https://letterboxd.com/malantonio/film/the-passenger/,5,Yes,dvd,2016-02-11
2016-02-12,"Hail, Caesar!",2016,https://letterboxd.com/malantonio/film/hail-caesar-2016/,3.5,,"theater, digital",2016-02-11
2016-02-15,Irrational Man,2015,https://letterboxd.com/malantonio/film/irrational-man/,2.5,,"blu-ray, library, movie club",2016-02-13
2016-02-21,Funeral Parade of Roses,1969,https://letterboxd.com/malantonio/film/funeral-parade-of-roses/,4,,download,2016-02-20
2016-02-21,Teen Witch,1989,https://letterboxd.com/malantonio/film/teen-witch/,4,,streaming,2016-02-20
2016-02-24,Double Indemnity,1944,https://letterboxd.com/malantonio/film/double-indemnity/,4,,"dvd, film noir, movie club",2016-02-22
2016-03-05,The Martian,2015,https://letterboxd.com/malantonio/film/the-martian/,3.5,,"dvd, library",2016-03-04
2016-03-19,The Godfather,1972,https://letterboxd.com/malantonio/film/the-godfather/,5,,blu-ray,2016-03-18
2016-03-20,The Barkley Marathons: The Race That Eats Its Young,2014,https://letterboxd.com/malantonio/film/the-barkley-marathons-the-race-that-eats-its-young/,4,,"netflix, streaming",2016-03-19
2016-03-26,2 Fast 2 Furious,2003,https://letterboxd.com/malantonio/film/2-fast-2-furious/,4,,"streaming, netflix",2016-03-25
2016-03-31,Major League,1989,https://letterboxd.com/malantonio/film/major-league/,4,,"streaming, netflix",2016-03-30
2016-04-10,Maximum Overdrive,1986,https://letterboxd.com/malantonio/film/maximum-overdrive/,2,,"amazon, streaming",2016-04-09
2016-04-10,Hannibal Buress: Hannibal Takes Edinburgh,2016,https://letterboxd.com/malantonio/film/hannibal-buress-hannibal-takes-edinburgh/,4,,"netflix, streaming",2016-04-09
2016-04-23,Billy Elliot,2000,https://letterboxd.com/malantonio/film/billy-elliot/,3.5,,"dvd, movie club",2016-04-22
2016-04-24,The Fisher King,1991,https://letterboxd.com/malantonio/film/the-fisher-king/,3,,"dvd, movie club",2016-04-23
2016-04-25,Going Clear: Scientology and the Prison of Belief,2015,https://letterboxd.com/malantonio/film/going-clear-scientology-and-the-prison-of-belief/1/,4,Yes,"hbo, streaming",2016-04-24
2016-04-30,"Ladies and Gentlemen, the Fabulous Stains",1982,https://letterboxd.com/malantonio/film/ladies-and-gentlemen-the-fabulous-stains/,4,,"amazon, streaming",2016-04-29
2016-05-03,Jurassic World,2015,https://letterboxd.com/malantonio/film/jurassic-world/,2,,"hbo, streaming",2016-05-02
2016-05-08,The Butterfly Effect 2,2006,https://letterboxd.com/malantonio/film/the-butterfly-effect-2/,1.5,,"streaming, hbo",2016-05-07
2016-05-11,Fateful Findings,2013,https://letterboxd.com/malantonio/film/fateful-findings/,4,,"streaming, youtube",2016-05-10
2016-05-14,Basic Instinct,1992,https://letterboxd.com/malantonio/film/basic-instinct/,2,,dvd,2016-05-13
2016-05-16,Loose Change: Final Cut,2007,https://letterboxd.com/malantonio/film/loose-change-final-cut/,3,,"streaming, youtube",2016-05-15
2016-05-17,The Sandlot,1993,https://letterboxd.com/malantonio/film/the-sandlot/,5,,"streaming, netflix",2016-05-16
2016-05-21,The Craft,1996,https://letterboxd.com/malantonio/film/the-craft/,4.5,Yes,"35mm, theater",2016-05-20
2016-05-22,Swamp Thing,1982,https://letterboxd.com/malantonio/film/swamp-thing/,2,,blu-ray,2016-05-21
2016-05-22,Natural Born Killers,1994,https://letterboxd.com/malantonio/film/natural-born-killers/,3,Yes,dvd,2016-05-21
2016-05-23,The Witch,2015,https://letterboxd.com/malantonio/film/the-witch-2015/,4,,"dvd, redbox, rental",2016-05-22
2016-06-26,Howard the Duck,1986,https://letterboxd.com/malantonio/film/howard-the-duck/,3,,"dvd, movie club",2016-06-25
2016-06-26,Death Metal Angola,2014,https://letterboxd.com/malantonio/film/death-metal-angola/,3.5,,"streaming, youtube",2016-06-25
2016-06-27,Hearts of Darkness: A Filmmaker's Apocalypse,1991,https://letterboxd.com/malantonio/film/hearts-of-darkness-a-filmmakers-apocalypse/,3.5,,download,2016-06-26
2016-07-07,Fateful Findings,2013,https://letterboxd.com/malantonio/film/fateful-findings/1/,4,Yes,,2016-07-02
2016-07-11,Hush,2016,https://letterboxd.com/malantonio/film/hush-2016/,3,,"streaming, netflix",2016-07-10
2016-07-18,The Big Short,2015,https://letterboxd.com/malantonio/film/the-big-short/,4,,"netflix, streaming",2016-07-17
2016-07-24,Predator,1987,https://letterboxd.com/malantonio/film/predator/,4,Yes,"digital, theater",2016-07-22
2016-07-30,The Usual Suspects,1995,https://letterboxd.com/malantonio/film/the-usual-suspects/,3.5,,streaming,2016-07-29
2016-07-30,Pass Thru,2016,https://letterboxd.com/malantonio/film/pass-thru/,4,,"theater, blu-ray",2016-07-29
2016-07-31,Halloween,1978,https://letterboxd.com/malantonio/film/halloween-1978/1/,4,Yes,dvd,2016-07-30
2016-08-01,It! The Terror from Beyond Space,1958,https://letterboxd.com/malantonio/film/it-the-terror-from-beyond-space/,3,,"blu-ray, theater",2016-07-31
2016-08-01,Alien,1979,https://letterboxd.com/malantonio/film/alien/,4,Yes,"theater, digital",2016-07-31
2016-08-08,Jurassic Park,1993,https://letterboxd.com/malantonio/film/jurassic-park/,4,Yes,"35mm, drive-in",2016-08-07
2016-08-08,Jaws,1975,https://letterboxd.com/malantonio/film/jaws/,3.5,Yes,"digital, drive-in",2016-08-07
2016-08-14,Hitchcock/Truffaut,2015,https://letterboxd.com/malantonio/film/hitchcock-truffaut/,4,,"streaming, hbo",2016-08-13
2016-08-15,Sting: Moment of Truth,2004,https://letterboxd.com/malantonio/film/sting-moment-of-truth/,2,,"streaming, youtube",2016-08-14
2016-08-16,Howard the Duck,1986,https://letterboxd.com/malantonio/film/howard-the-duck/1/,2.5,Yes,,2016-08-15
2016-08-20,Friday the 13th,1980,https://letterboxd.com/malantonio/film/friday-the-13th/,4,Yes,dvd,2016-08-19
2016-08-21,The Craft,1996,https://letterboxd.com/malantonio/film/the-craft/1/,4.5,Yes,dvd,2016-08-20
2016-08-27,Friday the 13th: A New Beginning,1985,https://letterboxd.com/malantonio/film/friday-the-13th-a-new-beginning/,3,Yes,"35mm, drive-in",2016-08-26
2016-08-27,Friday the 13th Part VI: Jason Lives,1986,https://letterboxd.com/malantonio/film/friday-the-13th-part-vi-jason-lives/1/,3.5,Yes,"35mm, drive-in",2016-08-26
2016-08-28,Friday the 13th Part VII: The New Blood,1988,https://letterboxd.com/malantonio/film/friday-the-13th-part-vii-the-new-blood/,3,Yes,"35mm, drive-in",2016-08-27
2016-08-28,Just Before Dawn,1981,https://letterboxd.com/malantonio/film/just-before-dawn-1981/,3.5,,"35mm, drive-in",2016-08-27
2016-08-28,The Burning,1981,https://letterboxd.com/malantonio/film/the-burning-1981/,3,Yes,"35mm, drive-in",2016-08-27
2016-09-03,Milk Money,1994,https://letterboxd.com/malantonio/film/milk-money/,4,,"netflix, streaming",2016-09-02
2016-09-04,Troll 2,1990,https://letterboxd.com/malantonio/film/troll-2/1/,3,Yes,"35mm, theater, Colonial theatre",2016-09-03
2016-09-04,Pieces,1982,https://letterboxd.com/malantonio/film/pieces/,3.5,,"35mm, theater, Colonial theatre",2016-09-03
2016-09-04,Cemetery Man,1994,https://letterboxd.com/malantonio/film/cemetery-man/,3.5,,"35mm, theater, Colonial theatre",2016-09-03
2016-09-04,What Have You Done to Solange?,1972,https://letterboxd.com/malantonio/film/what-have-you-done-to-solange/,3,,"35mm, theater, Colonial theatre",2016-09-04
2016-09-04,Zombie Flesh Eaters,1979,https://letterboxd.com/malantonio/film/zombie-flesh-eaters/,3.5,,"35mm, theater, Colonial theatre",2016-09-04
2016-09-06,AlienÂ³,1992,https://letterboxd.com/malantonio/film/alien-3/,3.5,Yes,blu-ray,2016-09-05
2016-09-10,Wayne's World,1992,https://letterboxd.com/malantonio/film/waynes-world/,4,Yes,"35mm, drive-in",2016-09-09
2016-09-10,Wayne's World 2,1993,https://letterboxd.com/malantonio/film/waynes-world-2/,2.5,,"35mm, drive-in",2016-09-10
2016-09-17,The Blair Witch Project,1999,https://letterboxd.com/malantonio/film/the-blair-witch-project/,4.5,Yes,dvd,2016-09-16
2016-09-18,Blair Witch,2016,https://letterboxd.com/malantonio/film/blair-witch/,3,,"theater, digital",2016-09-17
2016-09-19,Creepshow,1982,https://letterboxd.com/malantonio/film/creepshow/,3,,dvd,2016-09-18
2016-09-24,Raiders!: The Story of the Greatest Fan Film Ever Made,2015,https://letterboxd.com/malantonio/film/raiders-the-story-of-the-greatest-fan-film-ever-made/,3.5,,"digital, theater",2016-09-23
2016-09-24,Raiders of the Lost Ark - The Adaptation,1989,https://letterboxd.com/malantonio/film/raiders-of-the-lost-ark-the-adaptation/,3.5,,"blu-ray, theater",2016-09-23
2016-09-26,The Witch,2015,https://letterboxd.com/malantonio/film/the-witch-2015/1/,4.5,Yes,blu-ray,2016-09-25
2016-10-01,A Bay of Blood,1971,https://letterboxd.com/malantonio/film/a-bay-of-blood/1/,3.5,Yes,"35mm, drive-in",2016-09-30
2016-10-01,I Spit on Your Grave,1978,https://letterboxd.com/malantonio/film/i-spit-on-your-grave/,3,Yes,"35mm, drive-in",2016-09-30
2016-10-01,Death Weekend,1976,https://letterboxd.com/malantonio/film/death-weekend/,2.5,,"35mm, drive-in",2016-10-01
2016-10-02,The Texas Chain Saw Massacre,1974,https://letterboxd.com/malantonio/film/the-texas-chain-saw-massacre/,4,Yes,"35mm, drive-in",2016-10-01
2016-10-02,The Blood Spattered Bride,1972,https://letterboxd.com/malantonio/film/the-blood-spattered-bride/,2,,"35mm, drive-in",2016-10-01
2016-10-03,The Number 23,2007,https://letterboxd.com/malantonio/film/the-number-23/,3,,"streaming, google play",2016-10-02
2016-10-06,The Thing,1982,https://letterboxd.com/malantonio/film/the-thing/1/,4.5,Yes,"streaming, google play",2016-10-04
2016-10-08,The Fly,1986,https://letterboxd.com/malantonio/film/the-fly-1986/,4,Yes,streaming,2016-10-06
2016-10-08,Cat's Eye,1985,https://letterboxd.com/malantonio/film/cats-eye/,3,,"streaming, hbo",2016-10-07
2016-10-10,Grey Gardens,1975,https://letterboxd.com/malantonio/film/grey-gardens/,4.5,Yes,"Hulu, streaming",2016-10-08
2016-10-19,The Fly,1958,https://letterboxd.com/malantonio/film/the-fly/,3,,"netflix, streaming",2016-10-18
2016-10-20,13th,2016,https://letterboxd.com/malantonio/film/13th/,4,,"streaming, netflix",2016-10-19
2016-10-30,The Shining,1980,https://letterboxd.com/malantonio/film/the-shining/,5,,"35mm, drive-in",2016-10-28
2016-10-31,Critters,1986,https://letterboxd.com/malantonio/film/critters/,3,,"35mm, drive-in",2016-10-29
2016-11-01,Leprechaun,1993,https://letterboxd.com/malantonio/film/leprechaun/,2.5,Yes,dvd,2016-10-31
2016-11-12,They Live,1988,https://letterboxd.com/malantonio/film/they-live/,4,Yes,dvd,2016-11-10
2016-11-15,Kingpin,1996,https://letterboxd.com/malantonio/film/kingpin/,3,,streaming,2016-11-13
2016-12-11,Fateful Findings,2013,https://letterboxd.com/malantonio/film/fateful-findings/2/,4,Yes,,2016-11-19
2016-11-26,Trilogy of Terror,1975,https://letterboxd.com/malantonio/film/trilogy-of-terror/,3.5,,"streaming, youtube",2016-11-25
2016-11-26,Trilogy of Terror II,1996,https://letterboxd.com/malantonio/film/trilogy-of-terror-ii/,1.5,,"streaming, youtube",2016-11-25
2016-12-11,Swimfan,2002,https://letterboxd.com/malantonio/film/swimfan/,3.5,,"hbo, streaming",2016-12-09
2016-12-18,Sleepaway Camp,1983,https://letterboxd.com/malantonio/film/sleepaway-camp/,4,Yes,blu-ray,2016-12-17
2016-12-18,Rogue One: A Star Wars Story,2016,https://letterboxd.com/malantonio/film/rogue-one-a-star-wars-story/,4,,"imax, 3d, digital",2016-12-17
2016-12-22,The Santa Clause,1994,https://letterboxd.com/malantonio/film/the-santa-clause/,2.5,,vhs,2016-12-20
2017-01-02,The Dark Knight,2008,https://letterboxd.com/malantonio/film/the-dark-knight/,4,Yes,"streaming, google play",2017-01-01
2017-01-06,Double Down,2005,https://letterboxd.com/malantonio/film/double-down-2005/,3,Yes,"streaming, youtube",2017-01-04
2017-01-06,Puce Moment,1949,https://letterboxd.com/malantonio/film/puce-moment/,4.5,Yes,"streaming, youtube",2017-01-05
2017-01-06,Rabbit's Moon,1971,https://letterboxd.com/malantonio/film/rabbits-moon/,3.5,Yes,"youtube, streaming",2017-01-05
2017-01-06,Scorpio Rising,1963,https://letterboxd.com/malantonio/film/scorpio-rising/,4,Yes,"youtube, streaming",2017-01-05
2017-01-07,Fear,1996,https://letterboxd.com/malantonio/film/fear-1996/,3.5,,"streaming, google play",2017-01-06
2017-01-07,Fire in the Sky,1993,https://letterboxd.com/malantonio/film/fire-in-the-sky/,3.5,Yes,"netflix, streaming",2017-01-06
2017-01-12,Jason X,2001,https://letterboxd.com/malantonio/film/jason-x/,2,,"streaming, 123 movies",2017-01-11
2017-01-14,Friday the 13th,1980,https://letterboxd.com/malantonio/film/friday-the-13th/1/,4,Yes,"streaming, Hulu",2017-01-13
2017-01-14,Friday the 13th Part 2,1981,https://letterboxd.com/malantonio/film/friday-the-13th-part-2/1/,4,Yes,"streaming, Hulu",2017-01-13
2017-01-16,The Thing,1982,https://letterboxd.com/malantonio/film/the-thing/2/,4.5,Yes,"digital, theater",2017-01-14
2017-01-16,Aerosmith - The Making of Pump,1990,https://letterboxd.com/malantonio/film/aerosmith-the-making-of-pump/,2.5,,"youtube, streaming",2017-01-14
2017-01-16,Lucifer Rising,1972,https://letterboxd.com/malantonio/film/lucifer-rising/,3,,"youtube, streaming",2017-01-15
2017-01-16,Hellraiser,1987,https://letterboxd.com/malantonio/film/hellraiser/,3,Yes,"streaming, netflix",2017-01-15
2017-01-16,Lo and Behold: Reveries of the Connected World,2016,https://letterboxd.com/malantonio/film/lo-and-behold-reveries-of-the-connected-world/,3.5,,"netflix, streaming",2017-01-15
2017-03-07,Into the Abyss,2011,https://letterboxd.com/malantonio/film/into-the-abyss/,3,,netflix,2017-01-15
2017-01-20,Terrifier,2011,https://letterboxd.com/malantonio/film/terrifier/,3,,"streaming, vimeo",2017-01-19
2017-01-20,All Hallows' Eve,2013,https://letterboxd.com/malantonio/film/all-hallows-eve/,3,,"streaming, youtube",2017-01-19
2017-01-23,Andy Warhol: A Documentary Film,2006,https://letterboxd.com/malantonio/film/andy-warhol-a-documentary-film/,3.5,,dvd,2017-01-22
2017-01-26,Premium Rush,2012,https://letterboxd.com/malantonio/film/premium-rush/,3.5,,"streaming, amazon",2017-01-25
2017-01-29,The Texas Chain Saw Massacre,1974,https://letterboxd.com/malantonio/film/the-texas-chain-saw-massacre/1/,4,Yes,DVD,2017-01-28
2017-02-02,Winter Light,1963,https://letterboxd.com/malantonio/film/winter-light/,4.5,Yes,"dvd, criterion",2017-02-01
2017-02-02,Swamp Ape,2017,https://letterboxd.com/malantonio/film/swamp-ape/,1.5,,amazon,2017-02-01
2017-02-09,Arena,1989,https://letterboxd.com/malantonio/film/arena/,2.5,,youtube,2017-02-08
2017-02-16,A Dog's Best Friend,1959,https://letterboxd.com/malantonio/film/a-dogs-best-friend/,3,,"amazon, streaming, harry dean stanton",2017-02-15
2017-02-20,Vertigo,1958,https://letterboxd.com/malantonio/film/vertigo/,3.5,,"streaming, google play",2017-02-19
2017-02-20,Psycho,1960,https://letterboxd.com/malantonio/film/psycho/,4.5,Yes,"streaming, google play",2017-02-19
2017-02-20,Children of Men,2006,https://letterboxd.com/malantonio/film/children-of-men/,4.5,Yes,"streaming, hbo",2017-02-19
2017-02-22,Fifty Shades of Grey,2015,https://letterboxd.com/malantonio/film/fifty-shades-of-grey/,3,,"streaming, google play",2017-02-19
2017-02-27,Event Horizon,1997,https://letterboxd.com/malantonio/film/event-horizon/,3,Yes,laserdisc,2017-02-25
2017-02-27,Get Out,2017,https://letterboxd.com/malantonio/film/get-out-2017/,4,,"digital, theater",2017-02-26
2017-03-05,10 Cloverfield Lane,2016,https://letterboxd.com/malantonio/film/10-cloverfield-lane/,3.5,,"streaming, hulu",2017-03-04
2017-03-06,Stage Fright,1950,https://letterboxd.com/malantonio/film/stage-fright/,4,,"35mm, colonial theatre, theater",2017-03-05
2017-03-07,All the President's Men,1976,https://letterboxd.com/malantonio/film/all-the-presidents-men/,4,,"streaming, hbo",2017-03-06
2017-03-11,Friday the 13th Part III,1982,https://letterboxd.com/malantonio/film/friday-the-13th-part-iii/2/,3.5,Yes,"streaming, amazon",2017-03-11
2017-03-12,Sleepaway Camp,1983,https://letterboxd.com/malantonio/film/sleepaway-camp/1/,4,Yes,"streaming, amazon",2017-03-11
2017-03-13,Tickled,2016,https://letterboxd.com/malantonio/film/tickled/,4,,"streaming, hbo",2017-03-12
2017-03-14,Arrival,2016,https://letterboxd.com/malantonio/film/arrival-2016/,4,,"streaming, amazon",2017-03-13
2017-03-16,We Are the Flesh,2016,https://letterboxd.com/malantonio/film/we-are-the-flesh/,3.5,,blu-ray,2017-03-15
2017-03-18,The Green Inferno,2013,https://letterboxd.com/malantonio/film/the-green-inferno/,1.5,,"streaming, hbo",2017-03-17
2017-03-20,The Birds,1963,https://letterboxd.com/malantonio/film/the-birds/,4,Yes,"colonial theatre, digital, theater",2017-03-19
2017-03-27,GoodFellas,1990,https://letterboxd.com/malantonio/film/goodfellas/,5,Yes,"theater, digital",2017-03-26
2017-04-02,Cobra,1986,https://letterboxd.com/malantonio/film/cobra-1986/1/,4,Yes,"amazon, streaming",2017-03-29
2017-04-05,Alien Autopsy: (Fact or Fiction?),1995,https://letterboxd.com/malantonio/film/alien-autopsy-fact-or-fiction/,3,,"netflix, streaming",2017-04-04
2017-04-07,Angus,1995,https://letterboxd.com/malantonio/film/angus/,4,,vhs,2017-04-06
2017-04-11,RoboCop,1987,https://letterboxd.com/malantonio/film/robocop/,3.5,Yes,"streaming, Hulu",2017-04-08
2017-04-12,RoboCop 2,1990,https://letterboxd.com/malantonio/film/robocop-2/,2.5,,"streaming, hulu",2017-04-11
2017-04-16,Pass Thru,2016,https://letterboxd.com/malantonio/film/pass-thru/1/,4,Yes,"digital, theater",2017-04-14
2017-04-16,Fateful Findings,2013,https://letterboxd.com/malantonio/film/fateful-findings/3/,4,Yes,"digital, theater",2017-04-14
2017-04-17,Repo Man,1984,https://letterboxd.com/malantonio/film/repo-man/1/,5,Yes,"theater, digital",2017-04-15
2017-04-17,Hesher,2010,https://letterboxd.com/malantonio/film/hesher/,3.5,,"streaming, showtime",2017-04-16
2017-04-19,Chopping Mall,1986,https://letterboxd.com/malantonio/film/chopping-mall/,3,,"streaming, amazon",2017-04-18
2017-04-21,Ransom,1996,https://letterboxd.com/malantonio/film/ransom/,4,Yes,vhs,2017-04-20
2017-04-23,"The Death of ""Superman Lives"": What Happened?",2015,https://letterboxd.com/malantonio/film/the-death-of-superman-lives-what-happened/,3.5,,"streaming, cinemax",2017-04-22
2017-04-29,Interstellar,2014,https://letterboxd.com/malantonio/film/interstellar/1/,4,Yes,"Hulu, streaming",2017-04-29
2017-05-13,Dark Night,2016,https://letterboxd.com/malantonio/film/dark-night/,3.5,,"google play, streaming, digital",2017-05-12
2017-05-13,Hello Mary Lou: Prom Night II,1987,https://letterboxd.com/malantonio/film/hello-mary-lou-prom-night-ii/,3.5,,"35mm, theater, colonial theatre",2017-05-13
2017-05-15,Twin Peaks: Fire Walk with Me,1992,https://letterboxd.com/malantonio/film/twin-peaks-fire-walk-with-me/,4,Yes,"digital, download, fan edit",2017-05-14
2017-05-15,Twin Peaks: Fire Walk with Me,1992,https://letterboxd.com/malantonio/film/twin-peaks-fire-walk-with-me/1/,4,Yes,dvd,2017-05-14
2017-05-17,Darling,2015,https://letterboxd.com/malantonio/film/darling-2015-1/,4,,"streaming, netflix, digital",2017-05-16
2017-05-19,Pod,2015,https://letterboxd.com/malantonio/film/pod/,3,,"netflix, streaming, digital",2017-05-18
2017-05-27,Night of the Comet,1984,https://letterboxd.com/malantonio/film/night-of-the-comet/,3,,"35mm, drive-in",2017-05-26
2017-05-28,The Evil Dead,1981,https://letterboxd.com/malantonio/film/the-evil-dead/,4.5,,"35mm, drive-in",2017-05-27
2017-05-28,Evil Dead II,1987,https://letterboxd.com/malantonio/film/evil-dead-ii/,4,,"35mm, drive-in",2017-05-27
2017-05-29,Raiders of the Living Dead,1986,https://letterboxd.com/malantonio/film/raiders-of-the-living-dead/,1.5,,"35mm, drive-in",2017-05-28
2017-05-30,Creepshow,1982,https://letterboxd.com/malantonio/film/creepshow/1/,3.5,Yes,"35mm, drive-in",2017-05-28
2017-05-31,Snake Eyes,1998,https://letterboxd.com/malantonio/film/snake-eyes/,3.5,,"streaming, digital, netflix",2017-05-30
2017-05-31,De Palma,2015,https://letterboxd.com/malantonio/film/de-palma/,3,,"streaming, digital, netflix",2017-05-30
2017-06-02,The Fate of the Furious,2017,https://letterboxd.com/malantonio/film/the-fate-of-the-furious/,3,,"digital, theater",2017-06-01
2017-06-03,Pet Sematary,1989,https://letterboxd.com/malantonio/film/pet-sematary/,3.5,Yes,"digital, colonial theatre, theater",2017-06-02
2017-06-03,Beneath the Skin,1981,https://letterboxd.com/malantonio/film/beneath-the-skin-1981/,4,,"digital, video art",2017-06-02
2017-06-03,Possibly in Michigan,1983,https://letterboxd.com/malantonio/film/possibly-in-michigan/,4,,"digital, theater, video art",2017-06-02
2017-06-03,Annie Lloyd,2008,https://letterboxd.com/malantonio/film/annie-lloyd/,4,,"digital, video art, theater",2017-06-02
2017-06-03,Pulling Up Roots,2015,https://letterboxd.com/malantonio/film/pulling-up-roots/,3.5,,"digital, theater, video art",2017-06-02
2017-06-03,Some Dark Place,2016,https://letterboxd.com/malantonio/film/some-dark-place/,3.5,,"digital, theater, video art",2017-06-02
2017-06-04,A Clockwork Orange,1971,https://letterboxd.com/malantonio/film/a-clockwork-orange/,4,Yes,blu-ray,2017-06-03
2017-06-04,Deathgasm,2015,https://letterboxd.com/malantonio/film/deathgasm/,3.5,,"streaming, netflix",2017-06-03
2017-06-05,Cliffhanger,1993,https://letterboxd.com/malantonio/film/cliffhanger/,3,,"streaming, google play, digital",2017-06-04
2017-06-06,Dumb: The Story of Big Brother Magazine,2017,https://letterboxd.com/malantonio/film/dumb-the-story-of-big-brother-magazine/,3.5,,"hulu, streaming, digital",2017-06-05
2017-06-07,The Void,2016,https://letterboxd.com/malantonio/film/the-void-2016/,3.5,,"streaming, amazon",2017-06-07
2017-06-08,Escape from New York,1981,https://letterboxd.com/malantonio/film/escape-from-new-york/,3.5,,vhs,2017-06-07
2017-06-09,Christine,2016,https://letterboxd.com/malantonio/film/christine-2016/,4.5,,"netflix, streaming, digital",2017-06-08
2017-06-13,They Look Like People,2015,https://letterboxd.com/malantonio/film/they-look-like-people/,3.5,,"netflix, streaming",2017-06-12
2017-06-24,Night of the Lepus,1972,https://letterboxd.com/malantonio/film/night-of-the-lepus/,3.5,,"35mm, drive-in, theater",2017-06-24
2017-06-25,Carnival of Souls,1962,https://letterboxd.com/malantonio/film/carnival-of-souls/,3.5,,dvd,2017-06-24
2017-06-25,Squirm,1976,https://letterboxd.com/malantonio/film/squirm/,3,,"35mm, drive-in",2017-06-24
2017-06-26,Don't Think Twice,2016,https://letterboxd.com/malantonio/film/dont-think-twice/,4,,"streaming, netflix",2017-06-25
2017-06-26,Oklahoma City,2017,https://letterboxd.com/malantonio/film/oklahoma-city/,3,,"netflix, streaming",2017-06-25
2017-07-01,The Purge,2013,https://letterboxd.com/malantonio/film/the-purge/,2,,"google play, rental, streaming",2017-06-30
2017-07-01,Speed,1994,https://letterboxd.com/malantonio/film/speed/,3.5,Yes,"streaming, hbo",2017-06-30
2017-07-05,Dawn of the Planet of the Apes,2014,https://letterboxd.com/malantonio/film/dawn-of-the-planet-of-the-apes/,3,,"google play, streaming, digital",2017-07-04
2017-07-07,The Texas Chain Saw Massacre,1974,https://letterboxd.com/malantonio/film/the-texas-chain-saw-massacre/3/,5,Yes,"streaming, amazon",2017-07-06
2017-07-08,Video Violence,1987,https://letterboxd.com/malantonio/film/video-violence/,3.5,,"vhs, drive-in",2017-07-07
2017-07-08,Video Violence 2,1987,https://letterboxd.com/malantonio/film/video-violence-2/,3.5,,"vhs, drive-in",2017-07-07
2017-07-08,Cannibal Campout,1988,https://letterboxd.com/malantonio/film/cannibal-campout/,3,,"vhs, drive-in",2017-07-08
2017-07-09,Nobody Speak: Trials of the Free Press,2017,https://letterboxd.com/malantonio/film/nobody-speak-trials-of-the-free-press/,3,,"netflix, streaming",2017-07-08
2017-07-09,Slime City,1988,https://letterboxd.com/malantonio/film/slime-city/,3.5,,"vhs, drive-in",2017-07-08
2017-07-09,The Abomination,1986,https://letterboxd.com/malantonio/film/the-abomination/,2.5,,"vhs, drive-in",2017-07-08
2017-07-09,Faces of Death,1978,https://letterboxd.com/malantonio/film/faces-of-death/,3,,"vhs, drive-in",2017-07-09
2017-07-10,Get Me Roger Stone,2017,https://letterboxd.com/malantonio/film/get-me-roger-stone/,3,,"streaming, netflix",2017-07-09
2017-07-14,Invaders from Mars,1986,https://letterboxd.com/malantonio/film/invaders-from-mars-1986/,3,,"streaming, tubitv",2017-07-13
2017-07-16,The Big Sick,2017,https://letterboxd.com/malantonio/film/the-big-sick/,4,,"theater, digital",2017-07-15
2017-07-17,Friday the 13th Part III,1982,https://letterboxd.com/malantonio/film/friday-the-13th-part-iii/3/,3.5,Yes,"35mm, theater, 3d, exhumed films",2017-07-16
2017-07-17,Treasure of the Four Crowns,1983,https://letterboxd.com/malantonio/film/treasure-of-the-four-crowns/,4,,"35mm, 3d, theater, exhumed films",2017-07-16
2017-07-17,Dogs of Hell,1982,https://letterboxd.com/malantonio/film/dogs-of-hell/,2.5,,"3d, 35mm, theater, exhu",2017-07-16
2017-07-17,Hit the Road Running,1983,https://letterboxd.com/malantonio/film/hit-the-road-running/,3.5,,"35mm, 3d, theater, exhumed films",2017-07-16
2017-07-17,13 Golden Nuns,1977,https://letterboxd.com/malantonio/film/13-golden-nuns/,4,,"35mm, 3d, theater, exhumed films",2017-07-16
2017-07-19,The Last House on the Left,1972,https://letterboxd.com/malantonio/film/the-last-house-on-the-left/,2.5,Yes,dvd,2017-07-18
2017-07-20,Desistfilm,1954,https://letterboxd.com/malantonio/film/desistfilm/,3.5,,blu-ray,2017-07-19
2017-07-20,The Dante Quartet,1987,https://letterboxd.com/malantonio/film/the-dante-quartet/,4,,blu-ray,2017-07-19
2017-07-20,Night Music,1986,https://letterboxd.com/malantonio/film/night-music/,4,,,2017-07-19
2017-07-20,Rage Net,1988,https://letterboxd.com/malantonio/film/rage-net/,3.5,,blu-ray,2017-07-19
2017-07-20,Glaze of Cathexis,1990,https://letterboxd.com/malantonio/film/glaze-of-cathexis/,4,,blu-ray,2017-07-19
2017-07-20,Comingled Containers,1997,https://letterboxd.com/malantonio/film/comingled-containers/,4.5,,blu-ray,2017-07-19
2017-07-23,Unconscious London Strata,1981,https://letterboxd.com/malantonio/film/unconscious-london-strata/,3.5,,blu-ray,2017-07-22
2017-07-25,Unearthed & Untold: The Path to Pet Sematary,2017,https://letterboxd.com/malantonio/film/unearthed-untold-the-path-to-pet-sematary/,2.5,,"streaming, amazon",2017-07-24
2017-07-27,It,1990,https://letterboxd.com/malantonio/film/it-1990/,3,,vhs,2017-07-26
2017-07-29,Frankenstein Meets the Space Monster,1965,https://letterboxd.com/malantonio/film/frankenstein-meets-the-space-monster/,4,,"35mm, drive-in, exhumed films",2017-07-28
2017-07-29,The Monster of Piedras Blancas,1959,https://letterboxd.com/malantonio/film/the-monster-of-piedras-blancas/,3.5,,"35mm, drive-in, exhumed films",2017-07-29
2017-07-30,Blood Feast,1963,https://letterboxd.com/malantonio/film/blood-feast/,4,Yes,"streaming, shudder",2017-07-29
2017-07-30,The Sadist,1963,https://letterboxd.com/malantonio/film/the-sadist/,4,,"35mm, drive-in, exhumed films",2017-07-29
2017-07-30,Spider Baby,1967,https://letterboxd.com/malantonio/film/spider-baby/,3,,"35mm, drive-in, exhumed films",2017-07-29
2017-08-02,I Called Him Morgan,2016,https://letterboxd.com/malantonio/film/i-called-him-morgan/,4,,"streaming, netflix",2017-08-01
2017-08-04,American Anarchist,2016,https://letterboxd.com/malantonio/film/american-anarchist/,4,,"streaming, netflix",2017-08-03
2017-08-12,13 Cameras,2015,https://letterboxd.com/malantonio/film/13-cameras/,2,,"streaming, netflix",2017-08-11
2017-08-21,In the Mirror of Maya Deren,2002,https://letterboxd.com/malantonio/film/in-the-mirror-of-maya-deren/,4,,"streaming, amazon",2017-08-20
2017-08-21,The Founder,2016,https://letterboxd.com/malantonio/film/the-founder/,4,,"netflix, streaming",2017-08-20
2017-08-24,S Is for Stanley,2015,https://letterboxd.com/malantonio/film/s-is-for-stanley/,4,,"netflix, streaming",2017-08-23
2017-08-25,Birth of the Living Dead,2013,https://letterboxd.com/malantonio/film/birth-of-the-living-dead/,3,,"streaming, amazon",2017-08-24
2017-08-28,Friday the 13th,1980,https://letterboxd.com/malantonio/film/friday-the-13th/2/,4,Yes,"35mm, drive-in",2017-08-25
2017-08-28,Friday the 13th Part VIII: Jason Takes Manhattan,1989,https://letterboxd.com/malantonio/film/friday-the-13th-part-viii-jason-takes-manhattan/,2.5,,"35mm, drive-in",2017-08-25
2017-09-01,Society,1989,https://letterboxd.com/malantonio/film/society/,3,,"streaming, shudder",2017-08-31
2017-09-02,Suspiria,1977,https://letterboxd.com/malantonio/film/suspiria/,4,,"streaming, shudder",2017-09-01
2017-09-03,The Bird with the Crystal Plumage,1970,https://letterboxd.com/malantonio/film/the-bird-with-the-crystal-plumage/,3.5,,"35mm, theater, colonial theatre",2017-09-02
2017-09-03,The Other Hell,1981,https://letterboxd.com/malantonio/film/the-other-hell/,3.5,,"35mm, theater, colonial theatre",2017-09-02
2017-09-03,Demons,1985,https://letterboxd.com/malantonio/film/demons/,3.5,,"35mm, theater, colonial theatre",2017-09-02
2017-09-03,Blood and Black Lace,1964,https://letterboxd.com/malantonio/film/blood-and-black-lace/,3,,"35mm, theater, colonial theatre",2017-09-02
2017-09-03,Tenebre,1982,https://letterboxd.com/malantonio/film/tenebre/,3.5,,"35mm, theater, colonial theatre",2017-09-02
2017-09-04,Henry: Portrait of a Serial Killer,1986,https://letterboxd.com/malantonio/film/henry-portrait-of-a-serial-killer/,3.5,,"streaming, shudder",2017-09-03
2017-09-11,It,2017,https://letterboxd.com/malantonio/film/it-2017/,3.5,,"digital, theater",2017-09-10
2017-09-16,Funny Games,2007,https://letterboxd.com/malantonio/film/funny-games-2007/,3.5,Yes,"streaming, netflix",2017-09-15
2017-09-16,The Death King,1990,https://letterboxd.com/malantonio/film/the-death-king/,2,,"streaming, shudder",2017-09-15
2017-09-17,Blade Runner,1982,https://letterboxd.com/malantonio/film/blade-runner/1/,4,Yes,blu-ray,2017-09-16
2017-09-18,Point Break,1991,https://letterboxd.com/malantonio/film/point-break/,3,,"streaming, google play",2017-09-17
2017-09-19,Dirty Work,1998,https://letterboxd.com/malantonio/film/dirty-work-1998/,3.5,Yes,dvd,2017-09-17
2017-09-21,Foo Fighters: Back and Forth,2011,https://letterboxd.com/malantonio/film/foo-fighters-back-and-forth/,3.5,,"streaming, netflix",2017-09-20
2017-09-24,WNUF Halloween Special,2013,https://letterboxd.com/malantonio/film/wnuf-halloween-special/,3.5,,"streaming, shudder",2017-09-23
2017-09-28,It Comes at Night,2017,https://letterboxd.com/malantonio/film/it-comes-at-night/,4,,"streaming, amazon",2017-09-27
2017-10-01,David Lynch: The Art Life,2016,https://letterboxd.com/malantonio/film/david-lynch-the-art-life/,4,,"streaming, amazon",2017-09-30
2017-10-02,Night of the Living Dead,1968,https://letterboxd.com/malantonio/film/night-of-the-living-dead/,3.5,Yes,"streaming, amazon",2017-10-01
2017-10-02,Dawn of the Dead,1978,https://letterboxd.com/malantonio/film/dawn-of-the-dead/,4,Yes,vhs,2017-10-01
2017-10-02,The Mutilator,1984,https://letterboxd.com/malantonio/film/the-mutilator/,3,,"streaming, amazon",2017-10-01
2017-10-02,Day of the Dead,1985,https://letterboxd.com/malantonio/film/day-of-the-dead/,3,,"streaming, shudder",2017-10-01
2017-10-03,Train to Busan,2016,https://letterboxd.com/malantonio/film/train-to-busan/,4,,"streaming, netflix",2017-10-02
2017-10-04,The Eyes of My Mother,2016,https://letterboxd.com/malantonio/film/the-eyes-of-my-mother/,4,,"streaming, netflix",2017-10-03
2017-10-05,I Drink Your Blood,1970,https://letterboxd.com/malantonio/film/i-drink-your-blood/,3.5,,"streaming, shudder",2017-10-04
2017-10-06,Creep,2014,https://letterboxd.com/malantonio/film/creep-2014/,4,,"streaming, netflix",2017-10-05
2017-10-07,The Monster Squad,1987,https://letterboxd.com/malantonio/film/the-monster-squad/,2.5,,"35mm, drive-in",2017-10-06
2017-10-07,Night of the Creeps,1986,https://letterboxd.com/malantonio/film/night-of-the-creeps/,4,,"35mm, drive-in",2017-10-06
2017-10-09,The 3 Rs,2011,https://letterboxd.com/malantonio/film/the-3-rs/,3.5,,"streaming, youtube",2017-10-08
2017-10-09,Raw,2016,https://letterboxd.com/malantonio/film/raw-2016/,4,,"streaming, netflix",2017-10-08
2017-10-09,Take Shelter,2011,https://letterboxd.com/malantonio/film/take-shelter/,3.5,,"streaming, shudder",2017-10-08
2017-10-10,Honeymoon,2014,https://letterboxd.com/malantonio/film/honeymoon-2014/,3.5,,"streaming, netflix",2017-10-09
2017-10-12,Black Devil Doll from Hell,1984,https://letterboxd.com/malantonio/film/black-devil-doll-from-hell/,1,,"streaming, shudder",2017-10-11
2017-10-13,Fright Night,1985,https://letterboxd.com/malantonio/film/fright-night/,3.5,,"streaming, hulu",2017-10-12
2017-10-13,The Collector,2009,https://letterboxd.com/malantonio/film/the-collector-2009/,3,,"streaming, hulu",2017-10-12
2017-10-14,Friday the 13th,1980,https://letterboxd.com/malantonio/film/friday-the-13th/3/,4,Yes,dvd,2017-10-13
2017-10-14,Friday the 13th Part 2,1981,https://letterboxd.com/malantonio/film/friday-the-13th-part-2/2/,3.5,Yes,dvd,2017-10-13
2017-10-14,Friday the 13th Part III,1982,https://letterboxd.com/malantonio/film/friday-the-13th-part-iii/4/,3,Yes,blu-ray,2017-10-13
2017-10-14,Friday the 13th: The Final Chapter,1984,https://letterboxd.com/malantonio/film/friday-the-13th-the-final-chapter/,3.5,Yes,dvd,2017-10-13
2017-10-14,Friday the 13th: A New Beginning,1985,https://letterboxd.com/malantonio/film/friday-the-13th-a-new-beginning/1/,3,Yes,dvd,2017-10-13
2017-10-15,The Fly II,1989,https://letterboxd.com/malantonio/film/the-fly-ii/,3,,download,2017-10-14
2017-10-16,The Prowler,1981,https://letterboxd.com/malantonio/film/the-prowler-1981/,3,,"streaming, amazon",2017-10-15
2017-10-16,Gerald's Game,2017,https://letterboxd.com/malantonio/film/geralds-game/,3.5,,"netflix, streaming",2017-10-15
2017-10-18,Frankenstein,1931,https://letterboxd.com/malantonio/film/frankenstein-1931/,4,,"streaming, shudder",2017-10-17
2017-10-18,The Babysitter,2017,https://letterboxd.com/malantonio/film/the-babysitter-2017/,2.5,,"netflix, streaming",2017-10-17
2017-10-18,The Happening,2008,https://letterboxd.com/malantonio/film/the-happening/,2,,"streaming, hbo",2017-10-18
2017-10-19,Maniac,2012,https://letterboxd.com/malantonio/film/maniac-2012/,3,,"streaming, shudder",2017-10-18
2017-10-20,The Shining,1980,https://letterboxd.com/malantonio/film/the-shining/1/,5,Yes,,2017-10-20
2017-10-21,Dracula,1931,https://letterboxd.com/malantonio/film/dracula/,4,,"streaming, shudder",2017-10-20
2017-10-24,Happy Death Day,2017,https://letterboxd.com/malantonio/film/happy-death-day/,3,,"digital, theater, moviepass",2017-10-23
2017-10-24,The Bride of Frankenstein,1935,https://letterboxd.com/malantonio/film/the-bride-of-frankenstein/,4,,"streaming, shudder",2017-10-23
2017-10-25,White Zombie,1932,https://letterboxd.com/malantonio/film/white-zombie/,2.5,,dvd,2017-10-24
2017-10-26,The Cannibal Man,1972,https://letterboxd.com/malantonio/film/the-cannibal-man/,3,,"streaming, shudder",2017-10-25
2017-10-27,Children of the Corn,1984,https://letterboxd.com/malantonio/film/children-of-the-corn/,1.5,,"netflix, streaming",2017-10-26
2017-10-29,Anguish,1987,https://letterboxd.com/malantonio/film/anguish/,3,,"theater, 35mm",2017-10-28
2017-10-29,Pumpkinhead,1988,https://letterboxd.com/malantonio/film/pumpkinhead/,2.5,,"theater, 35mm, exhumed films",2017-10-28
2017-10-29,The Changeling,1980,https://letterboxd.com/malantonio/film/the-changeling/,3,,"35mm, theater, exhumed films",2017-10-28
2017-10-29,The Mist,2007,https://letterboxd.com/malantonio/film/the-mist/,2.5,,"35mm, exhumed films",2017-10-28
2017-10-29,Cemetery Man,1994,https://letterboxd.com/malantonio/film/cemetery-man/1/,3.5,Yes,"35mm, theater, exhumed films",2017-10-28
2017-10-29,Without Warning,1980,https://letterboxd.com/malantonio/film/without-warning-1980/,3.5,,"theater, 35mm, exhumed films",2017-10-28
2017-10-29,Satan's School for Girls,1973,https://letterboxd.com/malantonio/film/satans-school-for-girls/,3,,"35mm, theater, exhumed films",2017-10-29
2017-10-29,"I, Madman",1989,https://letterboxd.com/malantonio/film/i-madman/,3,,"35mm, theater, exhumed films",2017-10-29
2017-10-30,Scooby-Doo! and the Witch's Ghost,1999,https://letterboxd.com/malantonio/film/scooby-doo-and-the-witchs-ghost/,3,,vhs,2017-10-29
2017-11-02,The Shining,1980,https://letterboxd.com/malantonio/film/the-shining/2/,5,Yes,"theater, digital",2017-11-01
2017-11-04,Motel Hell,1980,https://letterboxd.com/malantonio/film/motel-hell/,3.5,,"streaming, amazon",2017-11-03
2017-11-04,My Name Is Sarah,2007,https://letterboxd.com/malantonio/film/my-name-is-sarah/,4.5,Yes,"download, lifetime",2017-11-03
2017-11-16,AlienÂ³,1992,https://letterboxd.com/malantonio/film/alien-3/1/,3.5,Yes,vhs,2017-11-14
2017-11-20,Face/Off,1997,https://letterboxd.com/malantonio/film/face-off/,3,Yes,"streaming, google play",2017-11-19
2017-11-20,Good Time,2017,https://letterboxd.com/malantonio/film/good-time/,4,,"streaming, amazon",2017-11-19
2017-11-22,Jim & Andy: The Great Beyond,2017,https://letterboxd.com/malantonio/film/jim-andy-the-great-beyond/,2.5,,"netflix, streaming",2017-11-21
2017-11-22,Joan Didion: The Center Will Not Hold,2017,https://letterboxd.com/malantonio/film/joan-didion-the-center-will-not-hold/,4,,"streaming, netflix",2017-11-21
2017-11-26,Targets,1968,https://letterboxd.com/malantonio/film/targets/,4.5,Yes,"streaming, amazon",2017-11-25
2017-12-02,Species,1995,https://letterboxd.com/malantonio/film/species/,3,Yes,"streaming, hbo",2017-12-01
2017-12-03,Blade Runner 2049,2017,https://letterboxd.com/malantonio/film/blade-runner-2049/,4.5,,"theater, digital",2017-12-02
2017-12-03,Fateful Findings,2013,https://letterboxd.com/malantonio/film/fateful-findings/4/,4,Yes,"streaming, amazon",2017-12-02
2017-12-03,Birdemic: Shock and Terror,2010,https://letterboxd.com/malantonio/film/birdemic-shock-and-terror/,3.5,,"streaming, amazon",2017-12-02
2017-12-09,Gaslight,1944,https://letterboxd.com/malantonio/film/gaslight-1944/,4.5,,"amazon, streaming",2017-12-08
2017-12-10,"Silent Night, Deadly Night",1984,https://letterboxd.com/malantonio/film/silent-night-deadly-night/,3,Yes,"streaming, google play",2017-12-09
2017-12-13,Black Christmas,1974,https://letterboxd.com/malantonio/film/black-christmas/,4,Yes,"streaming, shudder",2017-12-12
2017-12-16,Home Alone,1990,https://letterboxd.com/malantonio/film/home-alone/,4,,vhs,2017-12-16
2017-12-18,Sun Don't Shine,2012,https://letterboxd.com/malantonio/film/sun-dont-shine/,4,,"streaming, shudder",2017-12-17
2017-12-19,What Time Is It There?,2001,https://letterboxd.com/malantonio/film/what-time-is-it-there/,5,Yes,download,2017-12-18
2017-12-23,It's a Wonderful Life,1946,https://letterboxd.com/malantonio/film/its-a-wonderful-life/,,,"streaming, amazon",2017-12-23
2017-12-25,Detour,1945,https://letterboxd.com/malantonio/film/detour/,4,Yes,"dvd-rip, film noir",2017-12-24
2017-12-25,Die Hard,1988,https://letterboxd.com/malantonio/film/die-hard/1/,5,Yes,dvd-rip,2017-12-24
2018-01-01,Tangerine,2015,https://letterboxd.com/malantonio/film/tangerine/,4,,"netflix, streaming",2017-12-31
2018-01-02,There Will Be Blood,2007,https://letterboxd.com/malantonio/film/there-will-be-blood/,5,Yes,"streaming, amazon",2018-01-01
2018-01-04,Todd Barry: Spicy Honey,2017,https://letterboxd.com/malantonio/film/todd-barry-spicy-honey/,4,,"streaming, netflix",2018-01-02
2018-01-04,The Haunting,1963,https://letterboxd.com/malantonio/film/the-haunting/,3.5,Yes,"streaming, amazon, rental",2018-01-03
2018-01-06,Game Change,2012,https://letterboxd.com/malantonio/film/game-change/,3,,"streaming, amazon",2018-01-05
2018-01-06,The Snowman,2017,https://letterboxd.com/malantonio/film/the-snowman-2017/,2.5,,"streaming, amazon",2018-01-05
2018-01-06,The Abominable Snowman,1957,https://letterboxd.com/malantonio/film/the-abominable-snowman/,2.5,,"theater, 35mm, coolidge corner",2018-01-06
2018-01-08,Star Wars: The Last Jedi,2017,https://letterboxd.com/malantonio/film/star-wars-the-last-jedi/,3.5,,"theater, digital",2018-01-07
2018-01-08,She's Too Young,2004,https://letterboxd.com/malantonio/film/shes-too-young/,3.5,,"youtube, streaming, digital",2018-01-07
2018-01-09,Double Indemnity,1944,https://letterboxd.com/malantonio/film/double-indemnity/1/,5,Yes,"theater, coolidge corner, digital",2018-01-08
2018-01-11,Fatal Honeymoon,2012,https://letterboxd.com/malantonio/film/fatal-honeymoon/1/,2.5,Yes,"streaming, youtube",2018-01-10
2018-01-12,Alien Intrusion: Unmasking a Deception,2018,https://letterboxd.com/malantonio/film/alien-intrusion-unmasking-a-deception/,1.5,,"digital, theater",2018-01-11
2018-01-13,I Don't Feel at Home in This World Anymore,2017,https://letterboxd.com/malantonio/film/i-dont-feel-at-home-in-this-world-anymore/,4,,"streaming, netflix, digital",2018-01-12
2018-01-14,Phantom Thread,2017,https://letterboxd.com/malantonio/film/phantom-thread/,4,,"theater, 70mm, coolidge corner",2018-01-13
2018-01-15,"I, Tonya",2017,https://letterboxd.com/malantonio/film/i-tonya/,3.5,,"theater, digital",2018-01-14
2018-01-18,Passenger 57,1992,https://letterboxd.com/malantonio/film/passenger-57/,3,,laserdisc,2018-01-17
2018-01-22,Phantom Thread,2017,https://letterboxd.com/malantonio/film/phantom-thread/1/,4.5,Yes,"theater, digital",2018-01-21
2018-01-22,It Comes at Night,2017,https://letterboxd.com/malantonio/film/it-comes-at-night/1/,3.5,Yes,"streaming, amazon",2018-01-21
2018-01-25,Punch-Drunk Love,2002,https://letterboxd.com/malantonio/film/punch-drunk-love/,3.5,Yes,"dvd-rip, digital",2018-01-24
2018-01-30,Slacker,1990,https://letterboxd.com/malantonio/film/slacker/,4.5,Yes,"dvd, dvd-rip",2018-01-29
2018-02-04,Boogie Nights,1997,https://letterboxd.com/malantonio/film/boogie-nights/,4.5,Yes,"dvd, dvd-rip",2018-02-03
2018-02-04,It,2017,https://letterboxd.com/malantonio/film/it-2017/1/,3,Yes,blu-ray,2018-02-03
2018-02-09,The Conjuring,2013,https://letterboxd.com/malantonio/film/the-conjuring/,2.5,Yes,"streaming, netflix",2018-02-08
2018-02-10,Tank,1984,https://letterboxd.com/malantonio/film/tank-1984/,2.5,,"streaming, google play",2018-02-09
2018-02-11,Call Me by Your Name,2017,https://letterboxd.com/malantonio/film/call-me-by-your-name/,3,,"theater, digital",2018-02-10
2018-02-12,What We Do in the Shadows,2014,https://letterboxd.com/malantonio/film/what-we-do-in-the-shadows/,4,,"streaming, amazon prime",2018-02-11
2018-02-12,American Movie,1999,https://letterboxd.com/malantonio/film/american-movie/,4,Yes,"streaming, amazon",2018-02-11
2018-02-25,The Conjuring 2,2016,https://letterboxd.com/malantonio/film/the-conjuring-2/,2,,"streaming, hbo",2018-02-24
2018-02-26,The Blackcoat's Daughter,2015,https://letterboxd.com/malantonio/film/the-blackcoats-daughter/,4,,"streaming, amazon prime",2018-02-25
2018-02-26,Alien: Covenant,2017,https://letterboxd.com/malantonio/film/alien-covenant/,2,,"streaming, amazon prime",2018-02-25
2018-02-27,Annihilation,2018,https://letterboxd.com/malantonio/film/annihilation/,3,,"digital, theater",2018-02-26
2018-03-01,Annihilation,2018,https://letterboxd.com/malantonio/film/annihilation/1/,3.5,Yes,"digital, theater",2018-02-28
2018-03-03,Ouija: Origin of Evil,2016,https://letterboxd.com/malantonio/film/ouija-origin-of-evil/,2.5,,"hbo, streaming",2018-03-02
2018-03-04,The Exorcist,1973,https://letterboxd.com/malantonio/film/the-exorcist/,4,Yes,dvd-rip,2018-03-03
2018-03-04,Vampire Hunter D,1985,https://letterboxd.com/malantonio/film/vampire-hunter-d/,2,,"theater, dvd",2018-03-03
2018-03-07,Gun Crazy,1950,https://letterboxd.com/malantonio/film/gun-crazy/,3.5,Yes,"streaming, google play",2018-03-06
2018-03-08,The Blackcoat's Daughter,2015,https://letterboxd.com/malantonio/film/the-blackcoats-daughter/1/,4,Yes,"streaming, digital",2018-03-07
2018-03-08,Sunset Boulevard,1950,https://letterboxd.com/malantonio/film/sunset-boulevard/,4,,"streaming, netflix",2018-03-07
2018-03-09,Jodi Arias: Dirty Little Secret,2013,https://letterboxd.com/malantonio/film/jodi-arias-dirty-little-secret/1/,2.5,Yes,"streaming, lifetime movie club",2018-03-08
2018-03-12,The Public Enemy,1931,https://letterboxd.com/malantonio/film/the-public-enemy/,3,,dvd,2018-03-11
2018-03-12,Hounds of Love,2016,https://letterboxd.com/malantonio/film/hounds-of-love/,3,,"streaming, hulu",2018-03-11
2018-03-15,The Strangers: Prey at Night,2018,https://letterboxd.com/malantonio/film/the-strangers-prey-at-night/,3,,theater,2018-03-14
2018-03-18,Them,2006,https://letterboxd.com/malantonio/film/them-2006/,2.5,Yes,"streaming, amazon prime",2018-03-17
2018-03-18,The Fugitive,1993,https://letterboxd.com/malantonio/film/the-fugitive-1993/,5,Yes,blu-ray,2018-03-17
2018-03-18,Green Room,2015,https://letterboxd.com/malantonio/film/green-room/,3.5,,"streaming, amazon prime",2018-03-17
2018-03-19,Falling Down,1993,https://letterboxd.com/malantonio/film/falling-down/,2.5,,vhs,2018-03-18
2018-03-19,Die Hard: With a Vengeance,1995,https://letterboxd.com/malantonio/film/die-hard-with-a-vengeance/,3,Yes,"streaming, hbo",2018-03-18
2018-03-21,Beware the Slenderman,2016,https://letterboxd.com/malantonio/film/beware-the-slenderman/,3,,"hbo, streaming",2018-03-20
2018-03-21,Gun Fight,2011,https://letterboxd.com/malantonio/film/gun-fight/,3,,"streaming, hbo",2018-03-20
2018-03-22,The Dark Knight,2008,https://letterboxd.com/malantonio/film/the-dark-knight/1/,3.5,Yes,"streaming, google play",2018-03-21
2018-03-24,Diabolique,1955,https://letterboxd.com/malantonio/film/diabolique-1955/,4.5,Yes,"streaming, amazon prime",2018-03-23
2018-03-25,The Dark Knight Rises,2012,https://letterboxd.com/malantonio/film/the-dark-knight-rises/,2.5,Yes,"streaming, google play",2018-03-24
2018-03-27,The Nice Guys,2016,https://letterboxd.com/malantonio/film/the-nice-guys/,4.5,,dvd,2018-03-26
2018-03-30,Blow Up of Blow-Up,2016,https://letterboxd.com/malantonio/film/blow-up-of-blow-up/,2.5,,"streaming, filmstruck",2018-03-29
2018-03-30,Black Panthers,1968,https://letterboxd.com/malantonio/film/black-panthers/,3.5,,"streaming, filmstruck",2018-03-29
2018-03-31,The Craft,1996,https://letterboxd.com/malantonio/film/the-craft/2/,4.5,Yes,"digital, theater",2018-03-30
2018-04-01,Five Easy Pieces,1970,https://letterboxd.com/malantonio/film/five-easy-pieces/,3.5,,"streaming, filmstruck",2018-03-31
2018-04-01,The Passion of Joan of Arc,1928,https://letterboxd.com/malantonio/film/the-passion-of-joan-of-arc/,5,Yes,"streaming, filmstruck",2018-03-31
2018-04-02,Decasia,2002,https://letterboxd.com/malantonio/film/decasia/,3.5,,"streaming, filmstruck",2018-04-01
2018-04-02,Benny's Video,1992,https://letterboxd.com/malantonio/film/bennys-video/,2.5,Yes,"streaming, filmstruck",2018-04-01
2018-04-04,Dawson City: Frozen Time,2016,https://letterboxd.com/malantonio/film/dawson-city-frozen-time/,3.5,,"streaming, filmstruck",2018-04-03
2018-04-06,Voyage to the Sky,1937,https://letterboxd.com/malantonio/film/voyage-to-the-sky/,3.5,,"streaming, filmstruck",2018-04-05
2018-04-08,Light Is Calling,2004,https://letterboxd.com/malantonio/film/light-is-calling/,3.5,,"streaming, filmstruck",2018-04-08
2018-04-09,The Film of Her,1996,https://letterboxd.com/malantonio/film/the-film-of-her/,2.5,,"streaming, filmstruck",2018-04-08
2018-04-12,Unsane,2018,https://letterboxd.com/malantonio/film/unsane/,3,,"theater, digital, moviepass",2018-04-11
2018-04-14,Andre the Giant,2018,https://letterboxd.com/malantonio/film/andre-the-giant/,3,,"streaming, hbo",2018-04-13
2018-04-16,Zodiac,2007,https://letterboxd.com/malantonio/film/zodiac/,4,Yes,"streaming, hulu",2018-04-15
2018-04-16,Se7en,1995,https://letterboxd.com/malantonio/film/se7en/,4,Yes,"streaming, netflix",2018-04-15
2018-04-17,Eraserhead,1977,https://letterboxd.com/malantonio/film/eraserhead/,5,Yes,"streaming, filmstruck",2018-04-16
2018-04-18,The Killing of a Sacred Deer,2017,https://letterboxd.com/malantonio/film/the-killing-of-a-sacred-deer/,4.5,,"streaming, amazon prime",2018-04-17
2018-04-19,In Search of Ozu,2018,https://letterboxd.com/malantonio/film/in-search-of-ozu/,3.5,,"streaming, filmstruck",2018-04-19
2018-04-24,Out of the Past,1947,https://letterboxd.com/malantonio/film/out-of-the-past/,3,Yes,"streaming, airplane, delta",2018-04-23
2018-04-30,My Winnipeg,2007,https://letterboxd.com/malantonio/film/my-winnipeg/,3.5,,"filmstruck, streaming",2018-04-29
2018-05-01,The Devils,1971,https://letterboxd.com/malantonio/film/the-devils/,3.5,,download,2018-04-30
2018-05-05,Groundhog Day,1993,https://letterboxd.com/malantonio/film/groundhog-day/,3.5,,"drive-in, 35mm",2018-05-04
2018-05-05,Stripes,1981,https://letterboxd.com/malantonio/film/stripes/,2,,"35mm, drive-in",2018-05-04
2018-05-06,Ghostbusters,1984,https://letterboxd.com/malantonio/film/ghostbusters/,3,Yes,"drive-in, digital",2018-05-05
2018-05-13,GoodFellas,1990,https://letterboxd.com/malantonio/film/goodfellas/1/,5,Yes,"35mm, drive-in",2018-05-12
2018-05-13,Casino,1995,https://letterboxd.com/malantonio/film/casino/,3,,,2018-05-12
2018-05-20,The Perfect Roommate,2011,https://letterboxd.com/malantonio/film/the-perfect-roommate/,2.5,,"streaming, lifetime",2018-05-19
2018-05-21,A Quiet Place,2018,https://letterboxd.com/malantonio/film/a-quiet-place-2018/,2.5,,"theater, moviepass, digital",2018-05-20
2018-05-21,Skate Witches,1986,https://letterboxd.com/malantonio/film/skate-witches/,5,Yes,"streaming, youtube",2018-05-20
2018-05-25,Manson's Lost Girls,2016,https://letterboxd.com/malantonio/film/mansons-lost-girls/,2.5,,"streaming, lifetime movie club",2018-05-23
2018-05-26,Re-Animator,1985,https://letterboxd.com/malantonio/film/re-animator/,3,,"35mm, drive-in",2018-05-25
2018-05-26,Return of the Living Dead Part II,1988,https://letterboxd.com/malantonio/film/return-of-the-living-dead-part-ii/,2,,"35mm, drive-in",2018-05-25
2018-05-27,Pet Sematary,1989,https://letterboxd.com/malantonio/film/pet-sematary/1/,3,Yes,"35mm, drive-in",2018-05-26
2018-05-27,Tales from the Crypt,1972,https://letterboxd.com/malantonio/film/tales-from-the-crypt/,5,,"35mm, drive-in",2018-05-27
2018-05-28,Zombie Flesh Eaters,1979,https://letterboxd.com/malantonio/film/zombie-flesh-eaters/1/,3.5,Yes,"35mm, drive-in",2018-05-27
2018-05-28,Black Magic Part II,1976,https://letterboxd.com/malantonio/film/black-magic-part-ii/,2.5,,"35mm, drive-in",2018-05-28
2018-06-01,The Alphabet,1968,https://letterboxd.com/malantonio/film/the-alphabet/,4,Yes,"streaming, filmstruck",2018-05-31
2018-06-01,Altered States,1980,https://letterboxd.com/malantonio/film/altered-states/,3.5,Yes,"streaming, filmstruck",2018-05-31
2018-06-02,Halloween,1978,https://letterboxd.com/malantonio/film/halloween-1978/2/,4,Yes,"35mm, drive-in",2018-06-01
2018-06-02,Prince of Darkness,1987,https://letterboxd.com/malantonio/film/prince-of-darkness/,1.5,,"35mm, drive-in",2018-06-01
2018-06-03,Christine,1983,https://letterboxd.com/malantonio/film/christine-1983/,3,,"35mm, drive-in",2018-06-02
2018-06-03,In the Mouth of Madness,1994,https://letterboxd.com/malantonio/film/in-the-mouth-of-madness/,3,,"35mm, drive-in",2018-06-02
2018-06-04,Peeping Tom,1960,https://letterboxd.com/malantonio/film/peeping-tom/,3,,filmstruck,2018-06-03
2018-06-04,Enter the Dragon,1973,https://letterboxd.com/malantonio/film/enter-the-dragon/,3,,download,2018-06-03
2018-06-04,My Cousin Vinny,1992,https://letterboxd.com/malantonio/film/my-cousin-vinny/,4,Yes,dvd-rip,2018-06-03
2018-06-05,Boy Meets Girl,2015,https://letterboxd.com/malantonio/film/boy-meets-girl-2015/,3.5,,"streaming, hulu",2018-06-04
2018-06-08,Hereditary,2018,https://letterboxd.com/malantonio/film/hereditary/,5,,"digital, theater",2018-06-07
2018-06-10,The Room,2003,https://letterboxd.com/malantonio/film/the-room/,3,,download,2018-06-09
2018-06-11,Hereditary,2018,https://letterboxd.com/malantonio/film/hereditary/1/,5,Yes,"theater, digital",2018-06-10
2018-06-11,Police Story,1985,https://letterboxd.com/malantonio/film/police-story/,3,,"streaming, google play",2018-06-10
2018-06-11,The Disaster Artist,2017,https://letterboxd.com/malantonio/film/the-disaster-artist/,2,,,2018-06-10
2018-06-14,Upgrade,2018,https://letterboxd.com/malantonio/film/upgrade/,1.5,,"theater, digital",2018-06-13
2018-06-17,From Dusk Till Dawn,1996,https://letterboxd.com/malantonio/film/from-dusk-till-dawn/,2.5,,"35mm, drive-in",2018-06-16
2018-06-17,Near Dark,1987,https://letterboxd.com/malantonio/film/near-dark/,3.5,,"35mm, drive-in",2018-06-16
2018-06-20,2001: A Space Odyssey,1968,https://letterboxd.com/malantonio/film/2001-a-space-odyssey/,5,Yes,"70mm, theater",2018-06-19
2018-06-22,2001: A Space Odyssey,1968,https://letterboxd.com/malantonio/film/2001-a-space-odyssey/1/,5,Yes,"70mm, theater, coolidge corner",2018-06-21
2018-06-25,Dunkirk,2017,https://letterboxd.com/malantonio/film/dunkirk-2017/,3,,"streaming, hbo",2018-06-24
2018-07-02,Raiders of the Lost Ark,1981,https://letterboxd.com/malantonio/film/raiders-of-the-lost-ark/,5,Yes,"35mm, drive-in",2018-07-01
2018-07-05,A Serbian Film,2010,https://letterboxd.com/malantonio/film/a-serbian-film/,1.5,,download,2018-07-04
2018-07-05,The Purge,2013,https://letterboxd.com/malantonio/film/the-purge/1/,2,Yes,download,2018-07-04
2018-07-05,The Belko Experiment,2016,https://letterboxd.com/malantonio/film/the-belko-experiment/,3,,"streaming, hbo",2018-07-04
2018-07-06,The Asphalt Jungle,1950,https://letterboxd.com/malantonio/film/the-asphalt-jungle/,4.5,,"streaming, filmstruck, film noir",2018-07-05
2018-07-07,555,1988,https://letterboxd.com/malantonio/film/555-1988/,3,,"vhs, drive-in",2018-07-06
2018-07-07,Ozone,1995,https://letterboxd.com/malantonio/film/ozone/,2,,"vhs, drive-in",2018-07-06
2018-07-08,Hack-O-Lantern,1988,https://letterboxd.com/malantonio/film/hack-o-lantern/,3,,"vhs, drive-in",2018-07-07
2018-07-29,Backwoods Marcy,1999,https://letterboxd.com/malantonio/film/film:461606/,1.5,,"vhs, drive-in",2018-07-07
2018-07-09,The Slumber Party Massacre,1982,https://letterboxd.com/malantonio/film/the-slumber-party-massacre/,3,,download,2018-07-08
2018-07-10,The Fourth Kind,2009,https://letterboxd.com/malantonio/film/the-fourth-kind/,3,Yes,"streaming, amazon prime",2018-07-09
2018-07-10,Burroughs: The Movie,1983,https://letterboxd.com/malantonio/film/burroughs-the-movie/,3,,"streaming, filmstruck",2018-07-09
2018-07-12,Choke,2001,https://letterboxd.com/malantonio/film/choke-2001/,2,,dvd,2018-07-11
2018-07-15,Tourist Trap,1979,https://letterboxd.com/malantonio/film/tourist-trap/,3.5,,"streaming, the last drive-in, shudder",2018-07-14
2018-07-16,Sorry to Bother You,2018,https://letterboxd.com/malantonio/film/sorry-to-bother-you/,4,,"digital, theater",2018-07-15
2018-07-17,Daughters of Darkness,1971,https://letterboxd.com/malantonio/film/daughters-of-darkness/,4,,"streaming, shudder, the last drive-in",2018-07-16
2018-07-19,Robin Williams: Come Inside My Mind,2018,https://letterboxd.com/malantonio/film/robin-williams-come-inside-my-mind/,3,,"streaming, hbo",2018-07-18
2018-07-20,Hype!,1996,https://letterboxd.com/malantonio/film/hype/,3,Yes,"streaming, filmstruck",2018-07-19
2018-07-22,Downrange,2017,https://letterboxd.com/malantonio/film/downrange/,2.5,,,2018-07-21
2018-07-22,Sleepaway Camp,1983,https://letterboxd.com/malantonio/film/sleepaway-camp/2/,3.5,Yes,"streaming, shudder, the last drive-in",2018-07-21
2018-07-22,mother!,2017,https://letterboxd.com/malantonio/film/mother-2017/,3,,download,2018-07-21
2018-07-23,Blow Up My Town,1968,https://letterboxd.com/malantonio/film/blow-up-my-town/,3.5,,"streaming, filmstruck",2018-07-22
2018-07-23,Won't You Be My Neighbor?,2018,https://letterboxd.com/malantonio/film/wont-you-be-my-neighbor/,5,,"theater, digital",2018-07-22
2018-07-27,Burnt Offerings,1976,https://letterboxd.com/malantonio/film/burnt-offerings/,3,,"streaming, amazon prime",2018-07-26
2018-07-28,I Bury the Living,1958,https://letterboxd.com/malantonio/film/i-bury-the-living/,3.5,,"35mm, drive-in",2018-07-27
2018-07-28,Carnival of Souls,1962,https://letterboxd.com/malantonio/film/carnival-of-souls/1/,3.5,Yes,"35mm, drive-in",2018-07-27
2018-07-29,Dementia 13,1963,https://letterboxd.com/malantonio/film/dementia-13/,3.5,,"35mm, drive-in",2018-07-28
2018-07-29,The Slime People,1963,https://letterboxd.com/malantonio/film/the-slime-people/,2,,"35mm, drive-in",2018-07-28
2018-07-30,The Descent,2005,https://letterboxd.com/malantonio/film/the-descent/,3,,"streaming, shudder",2018-07-29
2018-07-30,"As Above, So Below",2014,https://letterboxd.com/malantonio/film/as-above-so-below-2014/1/,2.5,Yes,"streaming, hbo",2018-07-29
2018-07-30,What We Do in the Shadows,2014,https://letterboxd.com/malantonio/film/what-we-do-in-the-shadows/1/,4.5,Yes,"streaming, amazon prime",2018-07-29
2018-08-01,Quiet Zone,2015,https://letterboxd.com/malantonio/film/quiet-zone/,4.5,,"streaming, national film board of canada",2018-07-31
2018-08-02,Pieces,1982,https://letterboxd.com/malantonio/film/pieces/1/,3,Yes,"streaming, shudder, the last drive-in",2018-08-01
2018-08-05,Before Sunrise,1995,https://letterboxd.com/malantonio/film/before-sunrise/,3.5,,"streaming, filmstruck",2018-08-04
2018-08-06,Three Identical Strangers,2018,https://letterboxd.com/malantonio/film/three-identical-strangers/,3,,"theater, digital",2018-08-05
2018-08-09,Possession,1981,https://letterboxd.com/malantonio/film/possession/,4.5,,"blu-ray, theater",2018-08-08
2018-08-13,Barry Lyndon,1975,https://letterboxd.com/malantonio/film/barry-lyndon/,4.5,,"streaming, filmstruck",2018-08-12
2018-08-14,Book of Shadows: Blair Witch 2,2000,https://letterboxd.com/malantonio/film/book-of-shadows-blair-witch-2/,2.5,Yes,"streaming, shudder",2018-08-13
2018-08-18,Demons 2,1986,https://letterboxd.com/malantonio/film/demons-2/1/,3,Yes,"streaming, shudder",2018-08-17
2018-08-22,Angst,1983,https://letterboxd.com/malantonio/film/angst/,2,,"streaming, shudder",2018-08-21
2018-08-25,Friday the 13th Part 2,1981,https://letterboxd.com/malantonio/film/friday-the-13th-part-2/3/,3.5,Yes,"35mm, drive-in",2018-08-24
2018-08-25,My Bloody Valentine,1981,https://letterboxd.com/malantonio/film/my-bloody-valentine/,2.5,,"35mm, drive-in",2018-08-25
2018-08-26,The 36th Chamber of Shaolin,1978,https://letterboxd.com/malantonio/film/the-36th-chamber-of-shaolin/,4,,"theater, digital",2018-08-25
2018-09-06,Jaws,1975,https://letterboxd.com/malantonio/film/jaws/1/,4,Yes,"theater, 35mm",2018-09-03
2018-09-06,Video Voyeur: The Susan Wilson Story,2002,https://letterboxd.com/malantonio/film/video-voyeur-the-susan-wilson-story/,4,,"streaming, lifetime",2018-09-05
2018-09-07,Terrifier,2016,https://letterboxd.com/malantonio/film/terrifier-2016/,2,,,2018-09-06
2018-09-08,VHS Massacre: Cult Films and the Decline of Physical Media,2016,https://letterboxd.com/malantonio/film/vhs-massacre-cult-films-and-the-decline-of-physical-media/,2.5,,"streaming, amazon",2018-09-07
2018-09-10,My Husband's Secret Wife,2018,https://letterboxd.com/malantonio/film/my-husbands-secret-wife/,2,,"streaming, lifetime",2018-09-09
2018-09-13,Invasion of the Body Snatchers,1978,https://letterboxd.com/malantonio/film/invasion-of-the-body-snatchers-1978/,4,,"streaming, amazon",2018-09-12
2018-09-15,The Bad Lieutenant: Port of Call - New Orleans,2009,https://letterboxd.com/malantonio/film/the-bad-lieutenant-port-of-call-new-orleans/,4,Yes,blu-ray,2018-09-13
2018-09-17,Mandy,2018,https://letterboxd.com/malantonio/film/mandy-2018/,4.5,,,2018-09-15
2018-09-18,Blow-Up,1966,https://letterboxd.com/malantonio/film/blow-up/1/,4,Yes,,2018-09-17
2018-09-19,Spacehunter: Adventures in the Forbidden Zone,1983,https://letterboxd.com/malantonio/film/spacehunter-adventures-in-the-forbidden-zone/,2,,"theater, dvd-rip, trash night",2018-09-18
2018-09-20,The King of Comedy,1982,https://letterboxd.com/malantonio/film/the-king-of-comedy/,4,,,2018-09-19
2018-09-21,Army of Darkness,1992,https://letterboxd.com/malantonio/film/army-of-darkness/,4,Yes,,2018-09-20
2018-09-22,Big Driver,2014,https://letterboxd.com/malantonio/film/big-driver/,3.5,,"streaming, lifetime",2018-09-21
2018-09-22,Terror,2007,https://letterboxd.com/malantonio/film/terror-2007/,5,,"streaming, vimeo",2018-09-21
2018-10-02,Alice Sweet Alice,1976,https://letterboxd.com/malantonio/film/alice-sweet-alice/,3.5,,"streaming, amazon",2018-10-01
2018-10-02,The Night of a Thousand Cats,1972,https://letterboxd.com/malantonio/film/the-night-of-a-thousand-cats/,4,,"streaming, amazon",2018-10-01
2018-10-04,Contamination,1980,https://letterboxd.com/malantonio/film/contamination/,2,,"streaming, shudder",2018-10-02
2018-10-04,The Boy,2016,https://letterboxd.com/malantonio/film/the-boy-2016/,2.5,,"streaming, netflix",2018-10-03
2018-10-05,Nightmare City,1980,https://letterboxd.com/malantonio/film/nightmare-city/,3,,,2018-10-04
2018-10-06,The Seventh Seal,1957,https://letterboxd.com/malantonio/film/the-seventh-seal/,5,Yes,"35mm, theater",2018-10-05
2018-10-06,De DÃ¼va: The Dove,1968,https://letterboxd.com/malantonio/film/de-duva-the-dove/,4,,"35mm, theater",2018-10-05
2018-10-06,Bill & Ted's Bogus Journey,1991,https://letterboxd.com/malantonio/film/bill-teds-bogus-journey/,4,,"theater, 35mm",2018-10-05
2018-10-07,The Gore Gore Girls,1972,https://letterboxd.com/malantonio/film/the-gore-gore-girls/,3,,blu-ray,2018-10-06
2018-10-07,Mausoleum,1983,https://letterboxd.com/malantonio/film/mausoleum/,3.5,,"streaming, amazon",2018-10-06
2018-10-07,Black Sabbath,1963,https://letterboxd.com/malantonio/film/black-sabbath/,3,,"streaming, shudder",2018-10-06
2018-10-08,The Wizard of Gore,1970,https://letterboxd.com/malantonio/film/the-wizard-of-gore/,3,,blu-ray,2018-10-07
2018-10-08,Mark of the Witch,1970,https://letterboxd.com/malantonio/film/mark-of-the-witch/,3,,"streaming, amazon",2018-10-07
2018-10-09,The Screaming Skull,1958,https://letterboxd.com/malantonio/film/the-screaming-skull/,3,Yes,"streaming, amazon, airplane",2018-10-08
2018-10-14,Asylum,1972,https://letterboxd.com/malantonio/film/asylum/,3,,"streaming, amazon",2018-10-13
2018-10-15,Sleepaway Camp II: Unhappy Campers,1988,https://letterboxd.com/malantonio/film/sleepaway-camp-ii-unhappy-campers/,3,,"streaming, amazon",2018-10-14
2018-10-16,Lisa and the Devil,1973,https://letterboxd.com/malantonio/film/lisa-and-the-devil/,3,,"streaming, kanopy",2018-10-15
2018-10-17,Double Trouble,1992,https://letterboxd.com/malantonio/film/double-trouble-1992/,2.5,,"theater, digital, trash night",2018-10-16
2018-10-18,Sleepaway Camp III: Teenage Wasteland,1989,https://letterboxd.com/malantonio/film/sleepaway-camp-iii-teenage-wasteland/,3,,"streaming, amazon",2018-10-17
2018-10-19,Ãnigma,1987,https://letterboxd.com/malantonio/film/nigma/,2,,"streaming, amazon",2018-10-18
2018-10-21,The Marine,2006,https://letterboxd.com/malantonio/film/the-marine/,2,,dvd,2018-10-20
2018-10-22,The Witch Who Came from the Sea,1976,https://letterboxd.com/malantonio/film/the-witch-who-came-from-the-sea/,2.5,,"streaming, amazon",2018-10-21
2018-10-22,Satan,1974,https://letterboxd.com/malantonio/film/satan-1974/,3,,"streaming, amazon",2018-10-21
2018-10-24,The Visit,2015,https://letterboxd.com/malantonio/film/the-visit-2015/,3.5,,"streaming, amazon",2018-10-23
2018-10-25,Night of the Demons,1988,https://letterboxd.com/malantonio/film/night-of-the-demons/,2.5,,"streaming, amazon",2018-10-24
2018-10-27,[REC],2007,https://letterboxd.com/malantonio/film/rec/,4,,"streaming, hulu",2018-10-25
2018-10-27,Paranormal Activity,2007,https://letterboxd.com/malantonio/film/paranormal-activity/,3,Yes,"streaming, amazon",2018-10-25
2018-10-27,She Demons,1958,https://letterboxd.com/malantonio/film/she-demons/,2,,"streaming, amazon prime",2018-10-26
2018-10-28,The War of the Worlds,1953,https://letterboxd.com/malantonio/film/the-war-of-the-worlds/,3,,"coolidge corner, 35mm",2018-10-28
2018-10-28,Alien,1979,https://letterboxd.com/malantonio/film/alien/1/,4.5,Yes,"35mm, coolidge corner",2018-10-28
2018-10-28,The Blob,1988,https://letterboxd.com/malantonio/film/the-blob-1988/,3.5,,"35mm, colonial theatre",2018-10-28
2018-10-29,Without Warning,1980,https://letterboxd.com/malantonio/film/without-warning-1980/1/,3.5,Yes,"35mm, coolidge corner",2018-10-28
2018-10-29,Killer Klowns from Outer Space,1988,https://letterboxd.com/malantonio/film/killer-klowns-from-outer-space/,3,,"35mm, coolidge corner",2018-10-28
2018-10-29,The Deadly Spawn,1983,https://letterboxd.com/malantonio/film/the-deadly-spawn/,3,,"35mm, coolidge corner",2018-10-28
2018-10-29,Village of the Damned,1995,https://letterboxd.com/malantonio/film/village-of-the-damned-1995/,3,,"35mm, coolidge corner",2018-10-28
2018-10-30,Halloween,2018,https://letterboxd.com/malantonio/film/halloween-2018/,3.5,,"digital, theater",2018-10-29
2018-10-31,Body Melt,1993,https://letterboxd.com/malantonio/film/body-melt/,2.5,,"streaming, amazon prime",2018-10-30
2018-10-31,Jennifer's Body,2009,https://letterboxd.com/malantonio/film/jennifers-body/,2,,"streaming, hbo",2018-10-30
2018-11-01,The Wicker Man,1973,https://letterboxd.com/malantonio/film/the-wicker-man/,4.5,,download,2018-10-31
2018-11-04,They'll Love Me When I'm Dead,2018,https://letterboxd.com/malantonio/film/theyll-love-me-when-im-dead/,4.5,,"streaming, netflix",2018-11-03
2018-11-09,The Final Terror,1983,https://letterboxd.com/malantonio/film/the-final-terror/,2.5,,"amazon prime, streaming",2018-11-08
2018-11-11,Fahrenheit 9/11,2004,https://letterboxd.com/malantonio/film/fahrenheit-9-11/,3.5,Yes,download,2018-11-10
2018-11-11,Book of Shadows: Blair Witch 2,2000,https://letterboxd.com/malantonio/film/book-of-shadows-blair-witch-2/1/,3,Yes,"download, fan edit",2018-11-10
2018-11-12,Suspiria,2018,https://letterboxd.com/malantonio/film/suspiria-2018/,4,,"theater, digital",2018-11-11
2018-11-12,Hereditary,2018,https://letterboxd.com/malantonio/film/hereditary/2/,4.5,Yes,"amazon, streaming",2018-11-11
2018-11-14,Filmworker,2017,https://letterboxd.com/malantonio/film/filmworker/,4,,"streaming, netflix",2018-11-13
2018-11-18,The Black Cat,1981,https://letterboxd.com/malantonio/film/the-black-cat-1981/,3.5,,"streaming, amazon prime",2018-11-16
2018-11-19,All She Wants for Christmas,2006,https://letterboxd.com/malantonio/film/all-she-wants-for-christmas/,3,,"streaming, lifetime movie club, lifetime",2018-11-18
2018-11-19,Sinister Minister,2017,https://letterboxd.com/malantonio/film/sinister-minister/,2,,"streaming, lifetime movie club, lifetime",2018-11-18
2018-11-21,Cyborg 2,1993,https://letterboxd.com/malantonio/film/cyborg-2/,1,,"digital, theater, trash night",2018-11-20
2018-11-22,The Spirit of Christmas,2015,https://letterboxd.com/malantonio/film/the-spirit-of-christmas-2015/,2,,"lifetime movie club, lifetime, streaming",2018-11-21
2018-11-25,The Texas Chain Saw Massacre,1974,https://letterboxd.com/malantonio/film/the-texas-chain-saw-massacre/4/,5,Yes,"streaming, shudder, the last drive-in",2018-11-24
2018-11-25,The Hills Have Eyes,1977,https://letterboxd.com/malantonio/film/the-hills-have-eyes/,3,,"streaming, shudder, the last drive-in",2018-11-24
2018-11-25,Blood Rage,1987,https://letterboxd.com/malantonio/film/blood-rage-1987/,3,,"streaming, shudder, the last drive-in",2018-11-24
2018-11-26,Dead or Alive,1999,https://letterboxd.com/malantonio/film/dead-or-alive/,3,,"streaming, shudder, the last drive-in",2018-11-25
2018-11-26,You Were Never Really Here,2017,https://letterboxd.com/malantonio/film/you-were-never-really-here/,4,,"streaming, amazon prime",2018-11-25
2018-11-29,"Electric Boogaloo: The Wild, Untold Story of Cannon Films",2014,https://letterboxd.com/malantonio/film/electric-boogaloo-the-wild-untold-story-of-cannon-films/,3.5,,"streaming, netflix",2018-11-28
2018-11-30,Opera,1987,https://letterboxd.com/malantonio/film/opera/,3.5,,"streaming, amazon prime",2018-11-29
2018-12-01,The Zodiac Killer,1971,https://letterboxd.com/malantonio/film/the-zodiac-killer/,3.5,,blu-ray,2018-11-30
2018-12-01,Stalked by My Doctor,2015,https://letterboxd.com/malantonio/film/stalked-by-my-doctor/,3,,"streaming, lifetime movie club, lifetime",2018-11-30
2018-12-02,The Boneyard,1991,https://letterboxd.com/malantonio/film/the-boneyard/,2.5,,blu-ray,2018-12-01
2018-12-02,Never Take Sweets from a Stranger,1960,https://letterboxd.com/malantonio/film/never-take-sweets-from-a-stranger/,3.5,,blu-ray,2018-12-01
2018-12-02,Lost Holiday: The Jim & Suzanne Shemwell Story,2007,https://letterboxd.com/malantonio/film/lost-holiday-the-jim-suzanne-shemwell-story/,3,,"streaming, lifetime, lifetime movie club",2018-12-01
2018-12-03,Happy Birthday to Me,1981,https://letterboxd.com/malantonio/film/happy-birthday-to-me/,3,,blu-ray,2018-12-02
2018-12-03,Grizzly,1976,https://letterboxd.com/malantonio/film/grizzly/,4,,"streaming, amazon prime",2018-12-02
2018-12-04,Maniac,1980,https://letterboxd.com/malantonio/film/maniac-1980/,3.5,,"streaming, shudder",2018-12-03
2018-12-05,Creepshow 2,1987,https://letterboxd.com/malantonio/film/creepshow-2/,2,,"streaming, shudder",2018-12-04
2018-12-05,Document of the Dead,1985,https://letterboxd.com/malantonio/film/document-of-the-dead/,3,,"streaming, shudder",2018-12-04
2018-12-09,Another Son of Sam,1977,https://letterboxd.com/malantonio/film/another-son-of-sam/,2.5,,blu-ray,2018-12-08
2018-12-09,Beyond the Door,1974,https://letterboxd.com/malantonio/film/beyond-the-door/,3,,blu-ray,2018-12-08
2018-12-11,The Legend of Boggy Creek,1972,https://letterboxd.com/malantonio/film/the-legend-of-boggy-creek/,3,,"streaming, the last drive-in, shudder",2018-12-10
2018-12-12,Shirkers,2018,https://letterboxd.com/malantonio/film/shirkers/,5,,"netflix, streaming",2018-12-11
2018-12-13,The Clovehitch Killer,2018,https://letterboxd.com/malantonio/film/the-clovehitch-killer/,4,,"streaming, amazon",2018-12-12
2018-12-13,Road to Revenge,1993,https://letterboxd.com/malantonio/film/road-to-revenge/,3.5,,"youtube, streaming",2018-12-12
2018-12-15,Better Watch Out,2016,https://letterboxd.com/malantonio/film/better-watch-out/,1,,"shudder, streaming",2018-12-14
2018-12-16,Blood Hook,1986,https://letterboxd.com/malantonio/film/blood-hook/,2.5,,blu-ray,2018-12-15
2018-12-16,Spine Tingler! The William Castle Story,2007,https://letterboxd.com/malantonio/film/spine-tingler-the-william-castle-story/,3.5,,"streaming, kanopy",2018-12-15
2018-12-16,Christmas Evil,1980,https://letterboxd.com/malantonio/film/christmas-evil/,4,,"streaming, shudder",2018-12-15
2018-12-16,Nancy,2018,https://letterboxd.com/malantonio/film/nancy/,4.5,,"streaming, kanopy",2018-12-15
2018-12-18,Bombshell,1933,https://letterboxd.com/malantonio/film/bombshell/,4.5,,"35mm, brattle theater",2018-12-17
2018-12-21,All the President's Men,1976,https://letterboxd.com/malantonio/film/all-the-presidents-men/1/,4.5,Yes,"streaming, amazon prime",2018-12-19
2018-12-21,Eyes Wide Shut,1999,https://letterboxd.com/malantonio/film/eyes-wide-shut/1/,5,Yes,"digital, theater, brattle theater",2018-12-20
2018-12-22,Cam,2018,https://letterboxd.com/malantonio/film/cam/,3.5,,"streaming, netflix",2018-12-21
2018-12-23,Phantasm,1979,https://letterboxd.com/malantonio/film/phantasm/,3.5,,"streaming, shudder, the last drive-in",2018-12-22
2018-12-23,Lost Soul: The Doomed Journey of Richard Stanley's Island of Dr. Moreau,2014,https://letterboxd.com/malantonio/film/lost-soul-the-doomed-journey-of-richard-stanleys-island-of-dr-moreau/,2.5,,"streaming, shudder",2018-12-22
2018-12-24,Nightbreed,1990,https://letterboxd.com/malantonio/film/nightbreed/,2,,"blu-ray, theater",2018-12-22
2018-12-29,Vice,2018,https://letterboxd.com/malantonio/film/vice-2018/,3.5,,"digital, theater",2018-12-28
2018-12-31,Misery,1990,https://letterboxd.com/malantonio/film/misery/,4,,"streaming, shudder, with-lauren",2018-12-29
2018-12-31,A Simple Favor,2018,https://letterboxd.com/malantonio/film/a-simple-favor/,1.5,,"streaming, amazon prime, with-lauren",2018-12-30
2019-01-02,Duck Soup,1933,https://letterboxd.com/malantonio/film/duck-soup-1933/,3,,"35mm, brattle theater, theater",2019-01-01
2019-01-02,Room Service,1938,https://letterboxd.com/malantonio/film/room-service/,3.5,,"35mm, brattle theater, theater",2019-01-01
2019-01-02,Monkey Business,1931,https://letterboxd.com/malantonio/film/monkey-business/,3.5,,"35mm, brattle theater, theater",2019-01-01
2019-01-02,A Night at the Opera,1935,https://letterboxd.com/malantonio/film/a-night-at-the-opera/,5,,"35mm, brattle theater, theater",2019-01-01
