Date,Name,Year,Letterboxd URI,Rating
2015-01-30,Jodi Arias: Dirty Little Secret,2013,https://letterboxd.com/film/jodi-arias-dirty-little-secret/,2.5
2015-01-30,Cool Runnings,1993,https://letterboxd.com/film/cool-runnings/,4
2015-01-30,The Thing,1982,https://letterboxd.com/film/the-thing/,4.5
2015-01-30,Whitney,2015,https://letterboxd.com/film/whitney-2015/,3.5
2015-01-30,Dark Skies,2013,https://letterboxd.com/film/dark-skies-2013/,3.5
2015-01-30,Friday the 13th Part III,1982,https://letterboxd.com/film/friday-the-13th-part-iii/,3
2015-01-30,Dawn Anna,2005,https://letterboxd.com/film/dawn-anna/,3.5
2015-02-07,The Town that Dreaded Sundown,2014,https://letterboxd.com/film/the-town-that-dreaded-sundown-2014/,2
2015-02-21,Birdman,2014,https://letterboxd.com/film/birdman/,3.5
2015-03-03,Obvious Child,2014,https://letterboxd.com/film/obvious-child/,4
2015-03-04,Shooter,2007,https://letterboxd.com/film/shooter/,2
2015-03-13,The Theory of Everything,2014,https://letterboxd.com/film/the-theory-of-everything-2014/,4
2015-03-15,Enough Said,2013,https://letterboxd.com/film/enough-said/,4
2015-03-20,Run All Night,2015,https://letterboxd.com/film/run-all-night/,2.5
2015-03-21,Life Itself,2014,https://letterboxd.com/film/life-itself/,4
2015-03-22,Taxi Driver,1976,https://letterboxd.com/film/taxi-driver/,4.5
2015-03-27,The Thin Blue Line,1988,https://letterboxd.com/film/the-thin-blue-line/,3
2015-03-28,No No: A Dockumentary,2014,https://letterboxd.com/film/no-no-a-dockumentary/,4
2015-03-31,Going Clear: Scientology and the Prison of Belief,2015,https://letterboxd.com/film/going-clear-scientology-and-the-prison-of-belief/,4
2015-04-03,Interstellar,2014,https://letterboxd.com/film/interstellar/,4
2015-04-04,Atari: Game Over,2014,https://letterboxd.com/film/atari-game-over/,3.5
2015-04-04,The Master,2012,https://letterboxd.com/film/the-master-2012/,4
2015-04-04,Gone Girl,2014,https://letterboxd.com/film/gone-girl/,3.5
2015-04-04,Sabotage,2014,https://letterboxd.com/film/sabotage-2014/,3
2015-04-04,Cocaine: One Man's Seduction,1983,https://letterboxd.com/film/cocaine-one-mans-seduction/,2.5
2015-04-04,Batman Returns,1992,https://letterboxd.com/film/batman-returns/,2.5
2015-04-04,Flashdance,1983,https://letterboxd.com/film/flashdance/,4
2015-04-04,Scarface,1983,https://letterboxd.com/film/scarface-1983/,4
2015-04-04,Guardians of the Galaxy,2014,https://letterboxd.com/film/guardians-of-the-galaxy/,4
2015-04-04,The Babadook,2014,https://letterboxd.com/film/the-babadook/,4
2015-04-04,Restless Virgins,2013,https://letterboxd.com/film/restless-virgins/,2.5
2015-04-04,Showgirls,1995,https://letterboxd.com/film/showgirls/,3
2015-04-05,Free Angela and All Political Prisoners,2012,https://letterboxd.com/film/free-angela-and-all-political-prisoners/,4
2015-04-06,Saving Grace,2000,https://letterboxd.com/film/saving-grace/,4
2015-04-07,Furious 7,2015,https://letterboxd.com/film/furious-7/,3
2015-04-11,Cobra,1986,https://letterboxd.com/film/cobra-1986/,4
2015-04-14,Inherent Vice,2014,https://letterboxd.com/film/inherent-vice/,4
2015-04-26,Foxcatcher,2014,https://letterboxd.com/film/foxcatcher/,4
2015-05-06,Cobain: Montage of Heck,2015,https://letterboxd.com/film/cobain-montage-of-heck/,4
2015-05-08,Big Eyes,2014,https://letterboxd.com/film/big-eyes/,4
2015-05-09,Dragon Wars: D-War,2007,https://letterboxd.com/film/dragon-wars-d-war/,2
2015-05-11,Dante's Inferno: An Animated Epic,2010,https://letterboxd.com/film/dantes-inferno-an-animated-epic/,4
2015-05-12,Nightcrawler,2014,https://letterboxd.com/film/nightcrawler/,4
2015-05-14,Dirty Girls,2000,https://letterboxd.com/film/dirty-girls/,5
2015-05-16,Repo Man,1984,https://letterboxd.com/film/repo-man/,5
2015-05-19,All Good Things,2010,https://letterboxd.com/film/all-good-things/,3.5
2015-05-22,Beyond Clueless,2014,https://letterboxd.com/film/beyond-clueless/,3.5
2015-05-23,Disturbing Behavior,1998,https://letterboxd.com/film/disturbing-behavior/,3
2015-05-23,Ginger Snaps,2000,https://letterboxd.com/film/ginger-snaps/,4
2015-05-26,This Is Where I Leave You,2014,https://letterboxd.com/film/this-is-where-i-leave-you/,3
2015-05-26,Cleveland Abduction,2015,https://letterboxd.com/film/cleveland-abduction/,3.5
2015-06-29,Blow-Up,1966,https://letterboxd.com/film/blow-up/,4
2015-06-29,Blow Out,1981,https://letterboxd.com/film/blow-out/,3.5
2015-06-29,It Follows,2014,https://letterboxd.com/film/it-follows/,4
2015-07-11,Fatal Honeymoon,2012,https://letterboxd.com/film/fatal-honeymoon/,2.5
2015-07-15,Night Will Fall,2014,https://letterboxd.com/film/night-will-fall/,4
2015-07-20,Trainwreck,2015,https://letterboxd.com/film/trainwreck/,4
2015-07-20,Tig,2015,https://letterboxd.com/film/tig/,5
2015-07-20,Todd Barry: The Crowd Work Tour,2014,https://letterboxd.com/film/todd-barry-the-crowd-work-tour/,5
2015-08-23,Revolution '67,2007,https://letterboxd.com/film/revolution-67/,3
2015-08-23,Finding Vivian Maier,2013,https://letterboxd.com/film/finding-vivian-maier/,4
2015-09-06,Black Sunday,1960,https://letterboxd.com/film/black-sunday-1960/,3.5
2015-09-06,Demons 2,1986,https://letterboxd.com/film/demons-2/,3
2015-09-06,A Bay of Blood,1971,https://letterboxd.com/film/a-bay-of-blood/,3
2015-09-06,Night of the Zombies,1980,https://letterboxd.com/film/night-of-the-zombies-1980/,2.5
2015-09-06,The House by the Cemetery,1981,https://letterboxd.com/film/the-house-by-the-cemetery/,4
2015-09-12,Preservation,2014,https://letterboxd.com/film/preservation/,3
2015-09-13,Troll 2,1990,https://letterboxd.com/film/troll-2/,3
2015-09-13,The Sacrament,2013,https://letterboxd.com/film/the-sacrament/,2.5
2015-09-13,Best Worst Movie,2009,https://letterboxd.com/film/best-worst-movie/,3.5
2015-09-14,White Bird in a Blizzard,2014,https://letterboxd.com/film/white-bird-in-a-blizzard/,3.5
2015-09-19,Citizenfour,2014,https://letterboxd.com/film/citizenfour/,5
2015-09-20,True Story,2015,https://letterboxd.com/film/true-story/,3.5
2015-09-22,The Inauguration of the Pleasure Dome,1954,https://letterboxd.com/film/the-inauguration-of-the-pleasure-dome/,3.5
2015-09-23,The Cowboy and the Frenchman,1988,https://letterboxd.com/film/the-cowboy-and-the-frenchman/,4
2015-09-23,Premonitions Following an Evil Deed,1995,https://letterboxd.com/film/premonitions-following-an-evil-deed/,4.5
2015-09-27,A Spell to Ward Off the Darkness,2013,https://letterboxd.com/film/a-spell-to-ward-off-the-darkness/,4
2015-09-28,Ungodly Acts,2015,https://letterboxd.com/film/ungodly-acts/,1.5
2015-10-02,Begotten,1990,https://letterboxd.com/film/begotten/,3.5
2015-10-03,Eaten Alive,1976,https://letterboxd.com/film/eaten-alive/,3
2015-10-06,The Others,2001,https://letterboxd.com/film/the-others/,3.5
2015-10-10,Halloween,1978,https://letterboxd.com/film/halloween-1978/,5
2015-10-10,Halloween II,1981,https://letterboxd.com/film/halloween-ii-1981/,3.5
2015-10-10,Secrets in the Walls,2010,https://letterboxd.com/film/secrets-in-the-walls/,3
2015-10-11,A Nightmare on Elm Street,1984,https://letterboxd.com/film/a-nightmare-on-elm-street/,3.5
2015-10-14,Halloween 4: The Return of Michael Myers,1988,https://letterboxd.com/film/halloween-4-the-return-of-michael-myers/,3.5
2015-10-16,Dante's Peak,1997,https://letterboxd.com/film/dantes-peak/,3.5
2015-10-17,When a Stranger Calls,1979,https://letterboxd.com/film/when-a-stranger-calls/,3.5
2015-10-20,The Return of the Living Dead,1985,https://letterboxd.com/film/the-return-of-the-living-dead/,3.5
2015-10-25,"As Above, So Below",2014,https://letterboxd.com/film/as-above-so-below-2014/,2.5
2015-10-31,House of 1000 Corpses,2003,https://letterboxd.com/film/house-of-1000-corpses/,2.5
2015-10-31,The Devil's Rejects,2005,https://letterboxd.com/film/the-devils-rejects/,3
2015-10-31,The Nightmare,2015,https://letterboxd.com/film/the-nightmare-2015/,4
2015-11-01,Friday the 13th Part 2,1981,https://letterboxd.com/film/friday-the-13th-part-2/,3.5
2015-11-02,Misery Loves Comedy,2015,https://letterboxd.com/film/misery-loves-comedy/,4
2015-11-14,Friday the 13th Part VI: Jason Lives,1986,https://letterboxd.com/film/friday-the-13th-part-vi-jason-lives/,3.5
2015-11-21,Goodnight Mommy,2014,https://letterboxd.com/film/goodnight-mommy/,4
2015-11-22,Blade Runner,1982,https://letterboxd.com/film/blade-runner/,4
2015-11-26,Pure Country,1992,https://letterboxd.com/film/pure-country/,2.5
2015-12-07,Everybody's Fine,2009,https://letterboxd.com/film/everybodys-fine-2009/,3
2015-12-08,Point Blank,1967,https://letterboxd.com/film/point-blank/,4
2015-12-12,In a Lonely Place,1950,https://letterboxd.com/film/in-a-lonely-place/,3.5
2015-12-12,Die Hard,1988,https://letterboxd.com/film/die-hard/,5
2015-12-14,Krampus,2015,https://letterboxd.com/film/krampus/,3
2015-12-19,Eyes Wide Shut,1999,https://letterboxd.com/film/eyes-wide-shut/,5
2015-12-19,A Dog Named Christmas,2009,https://letterboxd.com/film/a-dog-named-christmas/,3
2015-12-20,Beyond the Darkness,1979,https://letterboxd.com/film/beyond-the-darkness/,3.5
2015-12-22,Star Wars: The Force Awakens,2015,https://letterboxd.com/film/star-wars-the-force-awakens/,4
2015-12-30,An Unreal Dream: The Michael Morton Story,2013,https://letterboxd.com/film/an-unreal-dream-the-michael-morton-story/,3
2016-01-09,Shania A Life in Eight Albums,2005,https://letterboxd.com/film/shania-a-life-in-eight-albums/,3.5
2016-01-10,Female Trouble,1974,https://letterboxd.com/film/female-trouble/,4
2016-01-10,Practical Magic,1998,https://letterboxd.com/film/practical-magic/,3.5
2016-01-11,Mad Max: Fury Road,2015,https://letterboxd.com/film/mad-max-fury-road/,4
2016-01-25,Win Win,2011,https://letterboxd.com/film/win-win/,4
2016-01-30,Ex Machina,2014,https://letterboxd.com/film/ex-machina-2014/,3.5
2016-01-31,Ghost World,2001,https://letterboxd.com/film/ghost-world/,4
2016-01-31,The Revenant,2015,https://letterboxd.com/film/the-revenant-2015/,4
2016-02-09,Crossfire,1947,https://letterboxd.com/film/crossfire/,3.5
2016-02-12,The Passenger,1975,https://letterboxd.com/film/the-passenger/,5
2016-02-12,"Hail, Caesar!",2016,https://letterboxd.com/film/hail-caesar-2016/,3.5
2016-02-15,Irrational Man,2015,https://letterboxd.com/film/irrational-man/,2.5
2016-02-21,Funeral Parade of Roses,1969,https://letterboxd.com/film/funeral-parade-of-roses/,5
2016-02-21,Teen Witch,1989,https://letterboxd.com/film/teen-witch/,4
2016-02-24,Double Indemnity,1944,https://letterboxd.com/film/double-indemnity/,5
2016-03-05,The Martian,2015,https://letterboxd.com/film/the-martian/,3.5
2016-03-19,The Godfather,1972,https://letterboxd.com/film/the-godfather/,5
2016-03-20,The Barkley Marathons: The Race That Eats Its Young,2014,https://letterboxd.com/film/the-barkley-marathons-the-race-that-eats-its-young/,4
2016-03-26,2 Fast 2 Furious,2003,https://letterboxd.com/film/2-fast-2-furious/,4
2016-03-31,Major League,1989,https://letterboxd.com/film/major-league/,4
2016-04-10,Maximum Overdrive,1986,https://letterboxd.com/film/maximum-overdrive/,2
2016-04-10,Hannibal Buress: Hannibal Takes Edinburgh,2016,https://letterboxd.com/film/hannibal-buress-hannibal-takes-edinburgh/,4
2016-04-23,Billy Elliot,2000,https://letterboxd.com/film/billy-elliot/,3.5
2016-04-24,The Fisher King,1991,https://letterboxd.com/film/the-fisher-king/,3
2016-04-30,"Ladies and Gentlemen, the Fabulous Stains",1982,https://letterboxd.com/film/ladies-and-gentlemen-the-fabulous-stains/,4
2016-05-03,Jurassic World,2015,https://letterboxd.com/film/jurassic-world/,2
2016-05-08,The Butterfly Effect 2,2006,https://letterboxd.com/film/the-butterfly-effect-2/,1.5
2016-05-11,Fateful Findings,2013,https://letterboxd.com/film/fateful-findings/,4
2016-05-14,Basic Instinct,1992,https://letterboxd.com/film/basic-instinct/,2
2016-05-16,Loose Change: Final Cut,2007,https://letterboxd.com/film/loose-change-final-cut/,3
2016-05-17,The Sandlot,1993,https://letterboxd.com/film/the-sandlot/,5
2016-05-21,The Craft,1996,https://letterboxd.com/film/the-craft/,4.5
2016-05-22,Swamp Thing,1982,https://letterboxd.com/film/swamp-thing/,2
2016-05-22,Natural Born Killers,1994,https://letterboxd.com/film/natural-born-killers/,3
2016-05-23,The Witch,2015,https://letterboxd.com/film/the-witch-2015/,4.5
2016-06-26,Howard the Duck,1986,https://letterboxd.com/film/howard-the-duck/,2.5
2016-06-26,Death Metal Angola,2014,https://letterboxd.com/film/death-metal-angola/,3.5
2016-06-27,Hearts of Darkness: A Filmmaker's Apocalypse,1991,https://letterboxd.com/film/hearts-of-darkness-a-filmmakers-apocalypse/,3.5
2016-07-11,Hush,2016,https://letterboxd.com/film/hush-2016/,3
2016-07-18,The Big Short,2015,https://letterboxd.com/film/the-big-short/,4
2016-07-24,Predator,1987,https://letterboxd.com/film/predator/,4
2016-07-30,The Usual Suspects,1995,https://letterboxd.com/film/the-usual-suspects/,3.5
2016-07-30,Pass Thru,2016,https://letterboxd.com/film/pass-thru/,4
2016-08-01,It! The Terror from Beyond Space,1958,https://letterboxd.com/film/it-the-terror-from-beyond-space/,3
2016-08-01,Alien,1979,https://letterboxd.com/film/alien/,4.5
2016-08-08,Jurassic Park,1993,https://letterboxd.com/film/jurassic-park/,4
2016-08-08,Jaws,1975,https://letterboxd.com/film/jaws/,4
2016-08-14,Hitchcock/Truffaut,2015,https://letterboxd.com/film/hitchcock-truffaut/,4
2016-08-15,Sting: Moment of Truth,2004,https://letterboxd.com/film/sting-moment-of-truth/,2
2016-08-20,Friday the 13th,1980,https://letterboxd.com/film/friday-the-13th/,4
2016-08-27,Friday the 13th: A New Beginning,1985,https://letterboxd.com/film/friday-the-13th-a-new-beginning/,3
2016-08-28,Friday the 13th Part VII: The New Blood,1988,https://letterboxd.com/film/friday-the-13th-part-vii-the-new-blood/,3
2016-08-28,Just Before Dawn,1981,https://letterboxd.com/film/just-before-dawn-1981/,3.5
2016-08-28,The Burning,1981,https://letterboxd.com/film/the-burning-1981/,3
2016-09-03,Milk Money,1994,https://letterboxd.com/film/milk-money/,4
2016-09-04,Pieces,1982,https://letterboxd.com/film/pieces/,3
2016-09-04,Cemetery Man,1994,https://letterboxd.com/film/cemetery-man/,3.5
2016-09-04,What Have You Done to Solange?,1972,https://letterboxd.com/film/what-have-you-done-to-solange/,3
2016-09-04,Zombie Flesh Eaters,1979,https://letterboxd.com/film/zombie-flesh-eaters/,3.5
2016-09-06,Alien³,1992,https://letterboxd.com/film/alien-3/,3.5
2016-09-10,Wayne's World,1992,https://letterboxd.com/film/waynes-world/,4
2016-09-10,Wayne's World 2,1993,https://letterboxd.com/film/waynes-world-2/,2.5
2016-09-17,The Blair Witch Project,1999,https://letterboxd.com/film/the-blair-witch-project/,4.5
2016-09-18,Blair Witch,2016,https://letterboxd.com/film/blair-witch/,3
2016-09-19,Creepshow,1982,https://letterboxd.com/film/creepshow/,3.5
2016-09-24,Raiders!: The Story of the Greatest Fan Film Ever Made,2015,https://letterboxd.com/film/raiders-the-story-of-the-greatest-fan-film-ever-made/,3.5
2016-09-24,Raiders of the Lost Ark: The Adaptation,1989,https://letterboxd.com/film/raiders-of-the-lost-ark-the-adaptation/,3.5
2016-10-01,Day of the Woman,1978,https://letterboxd.com/film/day-of-the-woman/,3
2016-10-01,Death Weekend,1976,https://letterboxd.com/film/death-weekend/,2.5
2016-10-02,The Texas Chain Saw Massacre,1974,https://letterboxd.com/film/the-texas-chain-saw-massacre/,5
2016-10-02,The Blood Spattered Bride,1972,https://letterboxd.com/film/the-blood-spattered-bride/,2
2016-10-03,The Number 23,2007,https://letterboxd.com/film/the-number-23/,3
2016-10-08,The Fly,1986,https://letterboxd.com/film/the-fly-1986/,4
2016-10-08,Cat's Eye,1985,https://letterboxd.com/film/cats-eye/,3
2016-10-10,Grey Gardens,1975,https://letterboxd.com/film/grey-gardens/,4.5
2016-10-19,The Fly,1958,https://letterboxd.com/film/the-fly/,3
2016-10-20,13th,2016,https://letterboxd.com/film/13th/,4
2016-10-30,The Shining,1980,https://letterboxd.com/film/the-shining/,5
2016-10-31,Critters,1986,https://letterboxd.com/film/critters/,3
2016-11-01,Leprechaun,1993,https://letterboxd.com/film/leprechaun/,2.5
2016-11-12,They Live,1988,https://letterboxd.com/film/they-live/,4
2016-11-15,Kingpin,1996,https://letterboxd.com/film/kingpin/,3
2016-11-26,Trilogy of Terror,1975,https://letterboxd.com/film/trilogy-of-terror/,3.5
2016-11-26,Trilogy of Terror II,1996,https://letterboxd.com/film/trilogy-of-terror-ii/,1.5
2016-12-11,Swimfan,2002,https://letterboxd.com/film/swimfan/,3.5
2016-12-18,Sleepaway Camp,1983,https://letterboxd.com/film/sleepaway-camp/,3.5
2016-12-18,Rogue One: A Star Wars Story,2016,https://letterboxd.com/film/rogue-one-a-star-wars-story/,4
2016-12-22,The Santa Clause,1994,https://letterboxd.com/film/the-santa-clause/,2.5
2017-01-02,The Dark Knight,2008,https://letterboxd.com/film/the-dark-knight/,4
2017-01-06,Double Down,2005,https://letterboxd.com/film/double-down-2005/,3
2017-01-06,Puce Moment,1949,https://letterboxd.com/film/puce-moment/,4.5
2017-01-06,Rabbit's Moon,1971,https://letterboxd.com/film/rabbits-moon/,3.5
2017-01-06,Scorpio Rising,1963,https://letterboxd.com/film/scorpio-rising/,5
2017-01-07,Fear,1996,https://letterboxd.com/film/fear-1996/,3.5
2017-01-07,Fire in the Sky,1993,https://letterboxd.com/film/fire-in-the-sky/,3.5
2017-01-12,Jason X,2001,https://letterboxd.com/film/jason-x/,2
2017-01-16,Aerosmith - The Making of Pump,1990,https://letterboxd.com/film/aerosmith-the-making-of-pump/,2.5
2017-01-16,Lucifer Rising,1972,https://letterboxd.com/film/lucifer-rising/,3
2017-01-16,Hellraiser,1987,https://letterboxd.com/film/hellraiser/,3
2017-01-16,Profilers: Gaze Into the Abyss,2014,https://letterboxd.com/film/profilers-gaze-into-the-abyss/,3
2017-01-16,Lo and Behold: Reveries of the Connected World,2016,https://letterboxd.com/film/lo-and-behold-reveries-of-the-connected-world/,3.5
2017-01-20,Terrifier,2011,https://letterboxd.com/film/terrifier/,3
2017-01-20,All Hallows' Eve,2013,https://letterboxd.com/film/all-hallows-eve/,3
2017-01-23,Andy Warhol: A Documentary Film,2006,https://letterboxd.com/film/andy-warhol-a-documentary-film/,3.5
2017-01-26,Premium Rush,2012,https://letterboxd.com/film/premium-rush/,3.5
2017-02-02,Winter Light,1963,https://letterboxd.com/film/winter-light/,4.5
2017-02-02,Swamp Ape,2017,https://letterboxd.com/film/swamp-ape/,1.5
2017-02-09,Arena,1989,https://letterboxd.com/film/arena/,2.5
2017-02-16,A Dog's Best Friend,1959,https://letterboxd.com/film/a-dogs-best-friend/,3
2017-02-20,Vertigo,1958,https://letterboxd.com/film/vertigo/,3.5
2017-02-20,Psycho,1960,https://letterboxd.com/film/psycho/,4.5
2017-02-20,Children of Men,2006,https://letterboxd.com/film/children-of-men/,4.5
2017-02-22,Fifty Shades of Grey,2015,https://letterboxd.com/film/fifty-shades-of-grey/,3
2017-02-27,Event Horizon,1997,https://letterboxd.com/film/event-horizon/,3.5
2017-02-27,Get Out,2017,https://letterboxd.com/film/get-out-2017/,4
2017-03-05,10 Cloverfield Lane,2016,https://letterboxd.com/film/10-cloverfield-lane/,3.5
2017-03-06,Stage Fright,1950,https://letterboxd.com/film/stage-fright/,4
2017-03-07,Into the Abyss,2011,https://letterboxd.com/film/into-the-abyss/,3
2017-03-07,All the President's Men,1976,https://letterboxd.com/film/all-the-presidents-men/,4.5
2017-03-13,Tickled,2016,https://letterboxd.com/film/tickled/,4
2017-03-14,Arrival,2016,https://letterboxd.com/film/arrival-2016/,4
2017-03-16,We Are the Flesh,2016,https://letterboxd.com/film/we-are-the-flesh/,3.5
2017-03-18,The Green Inferno,2013,https://letterboxd.com/film/the-green-inferno/,1.5
2017-03-20,The Birds,1963,https://letterboxd.com/film/the-birds/,4
2017-03-27,GoodFellas,1990,https://letterboxd.com/film/goodfellas/,5
2017-04-05,Alien Autopsy: (Fact or Fiction?),1995,https://letterboxd.com/film/alien-autopsy-fact-or-fiction/,3
2017-04-07,Angus,1995,https://letterboxd.com/film/angus/,4
2017-04-11,RoboCop,1987,https://letterboxd.com/film/robocop/,3.5
2017-04-12,RoboCop 2,1990,https://letterboxd.com/film/robocop-2/,2.5
2017-04-17,Hesher,2010,https://letterboxd.com/film/hesher/,3.5
2017-04-19,Chopping Mall,1986,https://letterboxd.com/film/chopping-mall/,3.5
2017-04-21,Ransom,1996,https://letterboxd.com/film/ransom/,4
2017-04-23,"The Death of ""Superman Lives"": What Happened?",2015,https://letterboxd.com/film/the-death-of-superman-lives-what-happened/,3.5
2017-05-13,Dark Night,2016,https://letterboxd.com/film/dark-night/,3.5
2017-05-13,Hello Mary Lou: Prom Night II,1987,https://letterboxd.com/film/hello-mary-lou-prom-night-ii/,3.5
2017-05-15,Twin Peaks: Fire Walk with Me,1992,https://letterboxd.com/film/twin-peaks-fire-walk-with-me/,4
2017-05-17,Darling,2015,https://letterboxd.com/film/darling-2015-1/,4
2017-05-19,Pod,2015,https://letterboxd.com/film/pod/,3
2017-05-27,Night of the Comet,1984,https://letterboxd.com/film/night-of-the-comet/,3
2017-05-28,The Evil Dead,1981,https://letterboxd.com/film/the-evil-dead/,4.5
2017-05-28,Evil Dead II,1987,https://letterboxd.com/film/evil-dead-ii/,4
2017-05-29,Raiders of the Living Dead,1986,https://letterboxd.com/film/raiders-of-the-living-dead/,1.5
2017-05-31,Snake Eyes,1998,https://letterboxd.com/film/snake-eyes/,3.5
2017-05-31,De Palma,2015,https://letterboxd.com/film/de-palma/,3
2017-06-02,The Fate of the Furious,2017,https://letterboxd.com/film/the-fate-of-the-furious/,3
2017-06-03,Beneath the Skin,1981,https://letterboxd.com/film/beneath-the-skin-1981/,4
2017-06-03,Possibly in Michigan,1983,https://letterboxd.com/film/possibly-in-michigan/,4
2017-06-03,Annie Lloyd,2008,https://letterboxd.com/film/annie-lloyd/,4
2017-06-03,Pulling Up Roots,2015,https://letterboxd.com/film/pulling-up-roots/,3.5
2017-06-03,Some Dark Place,2016,https://letterboxd.com/film/some-dark-place/,3.5
2017-06-03,Pet Sematary,1989,https://letterboxd.com/film/pet-sematary/,3
2017-06-04,A Clockwork Orange,1971,https://letterboxd.com/film/a-clockwork-orange/,4
2017-06-04,Deathgasm,2015,https://letterboxd.com/film/deathgasm/,4
2017-06-05,Cliffhanger,1993,https://letterboxd.com/film/cliffhanger/,3
2017-06-06,Dumb: The Story of Big Brother Magazine,2017,https://letterboxd.com/film/dumb-the-story-of-big-brother-magazine/,3.5
2017-06-07,The Void,2016,https://letterboxd.com/film/the-void-2016/,3.5
2017-06-08,Escape from New York,1981,https://letterboxd.com/film/escape-from-new-york/,3.5
2017-06-09,Christine,2016,https://letterboxd.com/film/christine-2016/,4
2017-06-13,They Look Like People,2015,https://letterboxd.com/film/they-look-like-people/,3.5
2017-06-24,Night of the Lepus,1972,https://letterboxd.com/film/night-of-the-lepus/,3.5
2017-06-25,Carnival of Souls,1962,https://letterboxd.com/film/carnival-of-souls/,3.5
2017-06-25,Squirm,1976,https://letterboxd.com/film/squirm/,3
2017-06-26,Don't Think Twice,2016,https://letterboxd.com/film/dont-think-twice/,4
2017-06-26,Oklahoma City,2017,https://letterboxd.com/film/oklahoma-city/,3
2017-07-01,The Purge,2013,https://letterboxd.com/film/the-purge/,2
2017-07-01,Speed,1994,https://letterboxd.com/film/speed/,3.5
2017-07-05,Dawn of the Planet of the Apes,2014,https://letterboxd.com/film/dawn-of-the-planet-of-the-apes/,3
2017-07-08,Video Violence,1987,https://letterboxd.com/film/video-violence/,3.5
2017-07-08,Video Violence 2,1987,https://letterboxd.com/film/video-violence-2/,3.5
2017-07-08,Cannibal Campout,1988,https://letterboxd.com/film/cannibal-campout/,3
2017-07-09,Nobody Speak: Trials of the Free Press,2017,https://letterboxd.com/film/nobody-speak-trials-of-the-free-press/,3
2017-07-09,Slime City,1988,https://letterboxd.com/film/slime-city/,3.5
2017-07-09,The Abomination,1986,https://letterboxd.com/film/the-abomination/,2.5
2017-07-09,Faces of Death,1978,https://letterboxd.com/film/faces-of-death/,3
2017-07-10,Get Me Roger Stone,2017,https://letterboxd.com/film/get-me-roger-stone/,3
2017-07-14,Invaders from Mars,1986,https://letterboxd.com/film/invaders-from-mars-1986/,3
2017-07-16,The Big Sick,2017,https://letterboxd.com/film/the-big-sick/,4
2017-07-17,Treasure of the Four Crowns,1983,https://letterboxd.com/film/treasure-of-the-four-crowns/,4
2017-07-17,Dogs of Hell,1982,https://letterboxd.com/film/dogs-of-hell/,2.5
2017-07-17,Hit the Road Running,1983,https://letterboxd.com/film/hit-the-road-running/,3.5
2017-07-17,13 Golden Nuns,1977,https://letterboxd.com/film/13-golden-nuns/,4
2017-07-19,The Last House on the Left,1972,https://letterboxd.com/film/the-last-house-on-the-left/,2.5
2017-07-20,Desistfilm,1954,https://letterboxd.com/film/desistfilm/,3.5
2017-07-20,The Dante Quartet,1987,https://letterboxd.com/film/the-dante-quartet/,4
2017-07-20,Night Music,1986,https://letterboxd.com/film/night-music/,4
2017-07-20,Rage Net,1988,https://letterboxd.com/film/rage-net/,3.5
2017-07-20,Glaze of Cathexis,1990,https://letterboxd.com/film/glaze-of-cathexis/,4
2017-07-20,Comingled Containers,1997,https://letterboxd.com/film/comingled-containers/,4.5
2017-07-23,Unconscious London Strata,1981,https://letterboxd.com/film/unconscious-london-strata/,3.5
2017-07-25,Unearthed & Untold: The Path to Pet Sematary,2017,https://letterboxd.com/film/unearthed-untold-the-path-to-pet-sematary/,2.5
2017-07-27,It,1990,https://letterboxd.com/film/it-1990/,3
2017-07-29,Frankenstein Meets the Space Monster,1965,https://letterboxd.com/film/frankenstein-meets-the-space-monster/,4
2017-07-29,The Monster of Piedras Blancas,1959,https://letterboxd.com/film/the-monster-of-piedras-blancas/,3.5
2017-07-30,Blood Feast,1963,https://letterboxd.com/film/blood-feast/,4
2017-07-30,The Sadist,1963,https://letterboxd.com/film/the-sadist/,4
2017-07-30,Spider Baby,1967,https://letterboxd.com/film/spider-baby/,3
2017-08-02,I Called Him Morgan,2016,https://letterboxd.com/film/i-called-him-morgan/,4
2017-08-04,American Anarchist,2016,https://letterboxd.com/film/american-anarchist/,4
2017-08-12,13 Cameras,2015,https://letterboxd.com/film/13-cameras/,2
2017-08-21,In the Mirror of Maya Deren,2002,https://letterboxd.com/film/in-the-mirror-of-maya-deren/,4
2017-08-21,The Founder,2016,https://letterboxd.com/film/the-founder/,4
2017-08-24,S Is for Stanley - Trent'anni dietro al volante per Stanley Kubrick,2015,https://letterboxd.com/film/s-is-for-stanley-trentanni-dietro-al-volante-per-stanley-kubrick/,4
2017-08-25,Birth of the Living Dead,2013,https://letterboxd.com/film/birth-of-the-living-dead/,3
2017-08-28,Friday the 13th Part VIII: Jason Takes Manhattan,1989,https://letterboxd.com/film/friday-the-13th-part-viii-jason-takes-manhattan/,2.5
2017-09-01,Society,1989,https://letterboxd.com/film/society/,3
2017-09-02,Suspiria,1977,https://letterboxd.com/film/suspiria/,4
2017-09-03,The Bird with the Crystal Plumage,1970,https://letterboxd.com/film/the-bird-with-the-crystal-plumage/,3.5
2017-09-03,The Other Hell,1981,https://letterboxd.com/film/the-other-hell/,3.5
2017-09-03,Demons,1985,https://letterboxd.com/film/demons/,3.5
2017-09-03,Blood and Black Lace,1964,https://letterboxd.com/film/blood-and-black-lace/,4.5
2017-09-03,Tenebre,1982,https://letterboxd.com/film/tenebre/,3.5
2017-09-04,Henry: Portrait of a Serial Killer,1986,https://letterboxd.com/film/henry-portrait-of-a-serial-killer/,3.5
2017-09-16,Funny Games,2007,https://letterboxd.com/film/funny-games-2007/,3.5
2017-09-16,The Death King,1990,https://letterboxd.com/film/the-death-king/,2
2017-09-18,Point Break,1991,https://letterboxd.com/film/point-break/,3
2017-09-19,Dirty Work,1998,https://letterboxd.com/film/dirty-work-1998/,3.5
2017-09-21,Foo Fighters: Back and Forth,2011,https://letterboxd.com/film/foo-fighters-back-and-forth/,3.5
2017-09-24,WNUF Halloween Special,2013,https://letterboxd.com/film/wnuf-halloween-special/,3.5
2017-09-28,It Comes at Night,2017,https://letterboxd.com/film/it-comes-at-night/,4
2017-10-01,David Lynch: The Art Life,2016,https://letterboxd.com/film/david-lynch-the-art-life/,4
2017-10-02,Night of the Living Dead,1968,https://letterboxd.com/film/night-of-the-living-dead/,3.5
2017-10-02,Dawn of the Dead,1978,https://letterboxd.com/film/dawn-of-the-dead/,4
2017-10-02,The Mutilator,1984,https://letterboxd.com/film/the-mutilator/,3
2017-10-02,Day of the Dead,1985,https://letterboxd.com/film/day-of-the-dead/,3
2017-10-03,Train to Busan,2016,https://letterboxd.com/film/train-to-busan/,4
2017-10-04,The Eyes of My Mother,2016,https://letterboxd.com/film/the-eyes-of-my-mother/,4
2017-10-05,I Drink Your Blood,1970,https://letterboxd.com/film/i-drink-your-blood/,3.5
2017-10-06,Creep,2014,https://letterboxd.com/film/creep-2014/,4
2017-10-07,The Monster Squad,1987,https://letterboxd.com/film/the-monster-squad/,2.5
2017-10-07,Night of the Creeps,1986,https://letterboxd.com/film/night-of-the-creeps/,4
2017-10-09,The 3 Rs,2011,https://letterboxd.com/film/the-3-rs/,3.5
2017-10-09,Raw,2016,https://letterboxd.com/film/raw-2016/,4
2017-10-09,Take Shelter,2011,https://letterboxd.com/film/take-shelter/,3.5
2017-10-10,Honeymoon,2014,https://letterboxd.com/film/honeymoon-2014/,3.5
2017-10-12,Black Devil Doll from Hell,1984,https://letterboxd.com/film/black-devil-doll-from-hell/,1
2017-10-13,Fright Night,1985,https://letterboxd.com/film/fright-night/,3.5
2017-10-13,The Collector,2009,https://letterboxd.com/film/the-collector-2009/,3
2017-10-14,Friday the 13th: The Final Chapter,1984,https://letterboxd.com/film/friday-the-13th-the-final-chapter/,3.5
2017-10-15,The Fly II,1989,https://letterboxd.com/film/the-fly-ii/,3
2017-10-16,The Prowler,1981,https://letterboxd.com/film/the-prowler-1981/,3
2017-10-16,Gerald's Game,2017,https://letterboxd.com/film/geralds-game/,3.5
2017-10-18,Frankenstein,1931,https://letterboxd.com/film/frankenstein-1931/,4
2017-10-18,The Babysitter,2017,https://letterboxd.com/film/the-babysitter-2017/,2.5
2017-10-18,The Happening,2008,https://letterboxd.com/film/the-happening/,2
2017-10-19,Maniac,2012,https://letterboxd.com/film/maniac-2012/,3
2017-10-21,Dracula,1931,https://letterboxd.com/film/dracula/,4
2017-10-24,Happy Death Day,2017,https://letterboxd.com/film/happy-death-day/,3
2017-10-24,The Bride of Frankenstein,1935,https://letterboxd.com/film/the-bride-of-frankenstein/,4
2017-10-25,White Zombie,1932,https://letterboxd.com/film/white-zombie/,2.5
2017-10-26,The Cannibal Man,1972,https://letterboxd.com/film/the-cannibal-man/,3
2017-10-27,Children of the Corn,1984,https://letterboxd.com/film/children-of-the-corn/,1.5
2017-10-29,Anguish,1987,https://letterboxd.com/film/anguish/,3
2017-10-29,Pumpkinhead,1988,https://letterboxd.com/film/pumpkinhead/,2.5
2017-10-29,The Changeling,1980,https://letterboxd.com/film/the-changeling/,4
2017-10-29,The Mist,2007,https://letterboxd.com/film/the-mist/,2.5
2017-10-29,Without Warning,1980,https://letterboxd.com/film/without-warning-1980/,3.5
2017-10-29,Satan's School for Girls,1973,https://letterboxd.com/film/satans-school-for-girls/,3
2017-10-29,"I, Madman",1989,https://letterboxd.com/film/i-madman/,3
2017-10-30,Scooby-Doo! and the Witch's Ghost,1999,https://letterboxd.com/film/scooby-doo-and-the-witchs-ghost/,3
2017-11-04,Motel Hell,1980,https://letterboxd.com/film/motel-hell/,3.5
2017-11-04,My Name Is Sarah,2007,https://letterboxd.com/film/my-name-is-sarah/,4.5
2017-11-20,Face/Off,1997,https://letterboxd.com/film/face-off/,3
2017-11-20,Good Time,2017,https://letterboxd.com/film/good-time/,4
2017-11-22,Jim & Andy: The Great Beyond,2017,https://letterboxd.com/film/jim-andy-the-great-beyond/,2.5
2017-11-22,Joan Didion: The Center Will Not Hold,2017,https://letterboxd.com/film/joan-didion-the-center-will-not-hold/,4
2017-11-26,Targets,1968,https://letterboxd.com/film/targets/,4.5
2017-12-03,Blade Runner 2049,2017,https://letterboxd.com/film/blade-runner-2049/,4.5
2017-12-03,Birdemic: Shock and Terror,2010,https://letterboxd.com/film/birdemic-shock-and-terror/,3.5
2017-12-03,Species,1995,https://letterboxd.com/film/species/,3
2017-12-09,Gaslight,1944,https://letterboxd.com/film/gaslight-1944/,4.5
2017-12-10,"Silent Night, Deadly Night",1984,https://letterboxd.com/film/silent-night-deadly-night/,3
2017-12-13,Black Christmas,1974,https://letterboxd.com/film/black-christmas/,4
2017-12-16,Home Alone,1990,https://letterboxd.com/film/home-alone/,4.5
2017-12-18,Sun Don't Shine,2012,https://letterboxd.com/film/sun-dont-shine/,4
2017-12-19,What Time Is It There?,2001,https://letterboxd.com/film/what-time-is-it-there/,5
2017-12-25,Detour,1945,https://letterboxd.com/film/detour/,5
2018-01-01,Tangerine,2015,https://letterboxd.com/film/tangerine/,4
2018-01-02,There Will Be Blood,2007,https://letterboxd.com/film/there-will-be-blood/,5
2018-01-04,Todd Barry: Spicy Honey,2017,https://letterboxd.com/film/todd-barry-spicy-honey/,4
2018-01-04,The Haunting,1963,https://letterboxd.com/film/the-haunting/,3.5
2018-01-06,Game Change,2012,https://letterboxd.com/film/game-change/,3
2018-01-06,The Snowman,2017,https://letterboxd.com/film/the-snowman-2017/,2.5
2018-01-06,The Abominable Snowman,1957,https://letterboxd.com/film/the-abominable-snowman/,2.5
2018-01-08,She's Too Young,2004,https://letterboxd.com/film/shes-too-young/,3.5
2018-01-12,Alien Intrusion: Unmasking a Deception,2018,https://letterboxd.com/film/alien-intrusion-unmasking-a-deception/,1.5
2018-01-13,I Don't Feel at Home in This World Anymore,2017,https://letterboxd.com/film/i-dont-feel-at-home-in-this-world-anymore/,4
2018-01-14,Phantom Thread,2017,https://letterboxd.com/film/phantom-thread/,4
2018-01-15,"I, Tonya",2017,https://letterboxd.com/film/i-tonya/,3.5
2018-01-15,Star Wars: The Last Jedi,2017,https://letterboxd.com/film/star-wars-the-last-jedi/,3.5
2018-01-18,It's a Wonderful Life,1946,https://letterboxd.com/film/its-a-wonderful-life/,3.5
2018-01-18,Passenger 57,1992,https://letterboxd.com/film/passenger-57/,3
2018-01-25,Punch-Drunk Love,2002,https://letterboxd.com/film/punch-drunk-love/,3.5
2018-01-30,Slacker,1990,https://letterboxd.com/film/slacker/,4.5
2018-02-09,The Conjuring,2013,https://letterboxd.com/film/the-conjuring/,2.5
2018-02-10,Tank,1984,https://letterboxd.com/film/tank-1984/,2.5
2018-02-11,Call Me by Your Name,2017,https://letterboxd.com/film/call-me-by-your-name/,3
2018-02-11,It,2017,https://letterboxd.com/film/it-2017/,3
2018-02-11,Boogie Nights,1997,https://letterboxd.com/film/boogie-nights/,4.5
2018-02-12,What We Do in the Shadows,2014,https://letterboxd.com/film/what-we-do-in-the-shadows/,4.5
2018-02-12,American Movie,1999,https://letterboxd.com/film/american-movie/,5
2018-02-25,The Conjuring 2,2016,https://letterboxd.com/film/the-conjuring-2/,2
2018-02-26,The Blackcoat's Daughter,2015,https://letterboxd.com/film/the-blackcoats-daughter/,4
2018-02-26,Alien: Covenant,2017,https://letterboxd.com/film/alien-covenant/,2
2018-03-01,Annihilation,2018,https://letterboxd.com/film/annihilation/,3.5
2018-03-03,Ouija: Origin of Evil,2016,https://letterboxd.com/film/ouija-origin-of-evil/,2.5
2018-03-04,The Exorcist,1973,https://letterboxd.com/film/the-exorcist/,4
2018-03-04,Vampire Hunter D,1985,https://letterboxd.com/film/vampire-hunter-d/,2
2018-03-07,Gun Crazy,1950,https://letterboxd.com/film/gun-crazy/,3.5
2018-03-08,Sunset Boulevard,1950,https://letterboxd.com/film/sunset-boulevard/,4
2018-03-12,The Public Enemy,1931,https://letterboxd.com/film/the-public-enemy/,3
2018-03-12,Hounds of Love,2016,https://letterboxd.com/film/hounds-of-love/,3
2018-03-15,The Strangers: Prey at Night,2018,https://letterboxd.com/film/the-strangers-prey-at-night/,3
2018-03-18,Them,2006,https://letterboxd.com/film/them-2006/,2.5
2018-03-18,The Fugitive,1993,https://letterboxd.com/film/the-fugitive-1993/,4.5
2018-03-18,Green Room,2015,https://letterboxd.com/film/green-room/,3.5
2018-03-19,Falling Down,1993,https://letterboxd.com/film/falling-down/,2.5
2018-03-19,Die Hard: With a Vengeance,1995,https://letterboxd.com/film/die-hard-with-a-vengeance/,3
2018-03-21,Beware the Slenderman,2016,https://letterboxd.com/film/beware-the-slenderman/,3
2018-03-21,Gun Fight,2011,https://letterboxd.com/film/gun-fight/,3
2018-03-24,Diabolique,1955,https://letterboxd.com/film/diabolique-1955/,4.5
2018-03-25,The Dark Knight Rises,2012,https://letterboxd.com/film/the-dark-knight-rises/,2.5
2018-03-27,The Nice Guys,2016,https://letterboxd.com/film/the-nice-guys/,4.5
2018-03-30,Blow Up of Blow-Up,2016,https://letterboxd.com/film/blow-up-of-blow-up/,2.5
2018-03-30,Black Panthers,1968,https://letterboxd.com/film/black-panthers/,3.5
2018-04-01,Five Easy Pieces,1970,https://letterboxd.com/film/five-easy-pieces/,3.5
2018-04-01,The Passion of Joan of Arc,1928,https://letterboxd.com/film/the-passion-of-joan-of-arc/,5
2018-04-02,Decasia,2002,https://letterboxd.com/film/decasia/,3.5
2018-04-02,Benny's Video,1992,https://letterboxd.com/film/bennys-video/,2.5
2018-04-04,Dawson City: Frozen Time,2016,https://letterboxd.com/film/dawson-city-frozen-time/,3.5
2018-04-06,Voyage to the Sky,1937,https://letterboxd.com/film/voyage-to-the-sky/,3.5
2018-04-08,Light Is Calling,2004,https://letterboxd.com/film/light-is-calling/,3.5
2018-04-09,The Film of Her,1996,https://letterboxd.com/film/the-film-of-her/,2.5
2018-04-12,Unsane,2018,https://letterboxd.com/film/unsane/,3
2018-04-14,Andre the Giant,2018,https://letterboxd.com/film/andre-the-giant/,3
2018-04-16,Zodiac,2007,https://letterboxd.com/film/zodiac/,4
2018-04-16,Se7en,1995,https://letterboxd.com/film/se7en/,4
2018-04-17,Eraserhead,1977,https://letterboxd.com/film/eraserhead/,5
2018-04-18,The Killing of a Sacred Deer,2017,https://letterboxd.com/film/the-killing-of-a-sacred-deer/,4.5
2018-04-19,In Search of Ozu,2018,https://letterboxd.com/film/in-search-of-ozu/,3.5
2018-04-24,Out of the Past,1947,https://letterboxd.com/film/out-of-the-past/,3
2018-04-30,My Winnipeg,2007,https://letterboxd.com/film/my-winnipeg/,3.5
2018-05-01,The Devils,1971,https://letterboxd.com/film/the-devils/,3.5
2018-05-05,Groundhog Day,1993,https://letterboxd.com/film/groundhog-day/,3.5
2018-05-05,Stripes,1981,https://letterboxd.com/film/stripes/,2
2018-05-06,Ghostbusters,1984,https://letterboxd.com/film/ghostbusters/,3
2018-05-13,Casino,1995,https://letterboxd.com/film/casino/,3
2018-05-20,The Perfect Roommate,2011,https://letterboxd.com/film/the-perfect-roommate/,2.5
2018-05-21,A Quiet Place,2018,https://letterboxd.com/film/a-quiet-place-2018/,2.5
2018-05-21,Skate Witches,1986,https://letterboxd.com/film/skate-witches/,5
2018-05-25,Manson's Lost Girls,2016,https://letterboxd.com/film/mansons-lost-girls/,2.5
2018-05-26,Re-Animator,1985,https://letterboxd.com/film/re-animator/,3
2018-05-26,Return of the Living Dead Part II,1988,https://letterboxd.com/film/return-of-the-living-dead-part-ii/,2
2018-05-27,Tales from the Crypt,1972,https://letterboxd.com/film/tales-from-the-crypt/,5
2018-05-28,Black Magic Part II,1976,https://letterboxd.com/film/black-magic-part-ii/,2.5
2018-06-01,The Alphabet,1968,https://letterboxd.com/film/the-alphabet/,4
2018-06-01,Altered States,1980,https://letterboxd.com/film/altered-states/,3.5
2018-06-02,Prince of Darkness,1987,https://letterboxd.com/film/prince-of-darkness/,4.5
2018-06-03,Christine,1983,https://letterboxd.com/film/christine-1983/,3
2018-06-03,In the Mouth of Madness,1994,https://letterboxd.com/film/in-the-mouth-of-madness/,3
2018-06-04,Peeping Tom,1960,https://letterboxd.com/film/peeping-tom/,3
2018-06-04,Enter the Dragon,1973,https://letterboxd.com/film/enter-the-dragon/,3
2018-06-04,My Cousin Vinny,1992,https://letterboxd.com/film/my-cousin-vinny/,4
2018-06-05,Boy Meets Girl,2015,https://letterboxd.com/film/boy-meets-girl-2015/,3.5
2018-06-08,Hereditary,2018,https://letterboxd.com/film/hereditary/,4.5
2018-06-10,The Room,2003,https://letterboxd.com/film/the-room/,3
2018-06-11,Police Story,1985,https://letterboxd.com/film/police-story/,3
2018-06-11,The Disaster Artist,2017,https://letterboxd.com/film/the-disaster-artist/,2
2018-06-14,Upgrade,2018,https://letterboxd.com/film/upgrade/,1.5
2018-06-17,From Dusk Till Dawn,1996,https://letterboxd.com/film/from-dusk-till-dawn/,2.5
2018-06-17,Near Dark,1987,https://letterboxd.com/film/near-dark/,3.5
2018-06-20,2001: A Space Odyssey,1968,https://letterboxd.com/film/2001-a-space-odyssey/,5
2018-06-25,Dunkirk,2017,https://letterboxd.com/film/dunkirk-2017/,3
2018-07-02,Raiders of the Lost Ark,1981,https://letterboxd.com/film/raiders-of-the-lost-ark/,5
2018-07-05,A Serbian Film,2010,https://letterboxd.com/film/a-serbian-film/,1.5
2018-07-05,The Belko Experiment,2016,https://letterboxd.com/film/the-belko-experiment/,3
2018-07-06,The Asphalt Jungle,1950,https://letterboxd.com/film/the-asphalt-jungle/,4.5
2018-07-07,555,1988,https://letterboxd.com/film/555-1988/,3
2018-07-07,Ozone,1995,https://letterboxd.com/film/ozone/,2
2018-07-08,Hack-O-Lantern,1988,https://letterboxd.com/film/hack-o-lantern/,3
2018-07-09,The Slumber Party Massacre,1982,https://letterboxd.com/film/the-slumber-party-massacre/,3
2018-07-10,The Fourth Kind,2009,https://letterboxd.com/film/the-fourth-kind/,3.5
2018-07-10,Burroughs: The Movie,1983,https://letterboxd.com/film/burroughs-the-movie/,3
2018-07-12,Choke,2001,https://letterboxd.com/film/choke-2001/,2
2018-07-15,Tourist Trap,1979,https://letterboxd.com/film/tourist-trap/,3.5
2018-07-16,Sorry to Bother You,2018,https://letterboxd.com/film/sorry-to-bother-you/,4
2018-07-17,Daughters of Darkness,1971,https://letterboxd.com/film/daughters-of-darkness/,4
2018-07-19,Robin Williams: Come Inside My Mind,2018,https://letterboxd.com/film/robin-williams-come-inside-my-mind/,3
2018-07-20,Hype!,1996,https://letterboxd.com/film/hype/,3
2018-07-22,Downrange,2017,https://letterboxd.com/film/downrange/,2.5
2018-07-22,mother!,2017,https://letterboxd.com/film/mother-2017/,3
2018-07-23,Blow Up My Town,1968,https://letterboxd.com/film/blow-up-my-town/,3.5
2018-07-23,Won't You Be My Neighbor?,2018,https://letterboxd.com/film/wont-you-be-my-neighbor/,5
2018-07-27,Burnt Offerings,1976,https://letterboxd.com/film/burnt-offerings/,3
2018-07-28,I Bury the Living,1958,https://letterboxd.com/film/i-bury-the-living/,3.5
2018-07-29,Backwoods Marcy,1999,https://letterboxd.com/film/backwoods-marcy/,1.5
2018-07-29,Dementia 13,1963,https://letterboxd.com/film/dementia-13/,3.5
2018-07-29,The Slime People,1963,https://letterboxd.com/film/the-slime-people/,2
2018-07-30,The Descent,2005,https://letterboxd.com/film/the-descent/,3
2018-08-01,Quiet Zone,2015,https://letterboxd.com/film/quiet-zone/,4.5
2018-08-05,Before Sunrise,1995,https://letterboxd.com/film/before-sunrise/,3.5
2018-08-06,Three Identical Strangers,2018,https://letterboxd.com/film/three-identical-strangers/,3
2018-08-09,Possession,1981,https://letterboxd.com/film/possession/,4.5
2018-08-13,Barry Lyndon,1975,https://letterboxd.com/film/barry-lyndon/,4.5
2018-08-14,Book of Shadows: Blair Witch 2,2000,https://letterboxd.com/film/book-of-shadows-blair-witch-2/,3
2018-08-22,Angst,1983,https://letterboxd.com/film/angst/,2
2018-08-25,My Bloody Valentine,1981,https://letterboxd.com/film/my-bloody-valentine/,2.5
2018-08-26,The 36th Chamber of Shaolin,1978,https://letterboxd.com/film/the-36th-chamber-of-shaolin/,4
2018-09-06,Video Voyeur: The Susan Wilson Story,2002,https://letterboxd.com/film/video-voyeur-the-susan-wilson-story/,4
2018-09-07,Terrifier,2016,https://letterboxd.com/film/terrifier-2016/,2
2018-09-08,VHS Massacre: Cult Films and the Decline of Physical Media,2016,https://letterboxd.com/film/vhs-massacre-cult-films-and-the-decline-of-physical-media/,2.5
2018-09-10,My Husband's Secret Wife,2018,https://letterboxd.com/film/my-husbands-secret-wife/,2
2018-09-13,Invasion of the Body Snatchers,1978,https://letterboxd.com/film/invasion-of-the-body-snatchers-1978/,4
2018-09-15,The Bad Lieutenant: Port of Call - New Orleans,2009,https://letterboxd.com/film/the-bad-lieutenant-port-of-call-new-orleans/,4
2018-09-17,Mandy,2018,https://letterboxd.com/film/mandy-2018/,4.5
2018-09-19,Spacehunter: Adventures in the Forbidden Zone,1983,https://letterboxd.com/film/spacehunter-adventures-in-the-forbidden-zone/,2
2018-09-20,The King of Comedy,1982,https://letterboxd.com/film/the-king-of-comedy/,4
2018-09-21,Army of Darkness,1992,https://letterboxd.com/film/army-of-darkness/,4
2018-09-22,Big Driver,2014,https://letterboxd.com/film/big-driver/,3.5
2018-09-22,Terror,2007,https://letterboxd.com/film/terror-2007/,5
2018-10-02,Alice Sweet Alice,1976,https://letterboxd.com/film/alice-sweet-alice/,3.5
2018-10-02,The Night of a Thousand Cats,1972,https://letterboxd.com/film/the-night-of-a-thousand-cats/,4
2018-10-04,Contamination,1980,https://letterboxd.com/film/contamination/,2
2018-10-04,The Boy,2016,https://letterboxd.com/film/the-boy-2016/,2.5
2018-10-05,Nightmare City,1980,https://letterboxd.com/film/nightmare-city/,3
2018-10-06,The Seventh Seal,1957,https://letterboxd.com/film/the-seventh-seal/,5
2018-10-06,De Düva: The Dove,1968,https://letterboxd.com/film/de-duva-the-dove/,4
2018-10-06,Bill & Ted's Bogus Journey,1991,https://letterboxd.com/film/bill-teds-bogus-journey/,4
2018-10-07,The Gore Gore Girls,1972,https://letterboxd.com/film/the-gore-gore-girls/,3
2018-10-07,Mausoleum,1983,https://letterboxd.com/film/mausoleum/,3.5
2018-10-07,Black Sabbath,1963,https://letterboxd.com/film/black-sabbath/,3
2018-10-08,The Wizard of Gore,1970,https://letterboxd.com/film/the-wizard-of-gore/,3
2018-10-08,Mark of the Witch,1970,https://letterboxd.com/film/mark-of-the-witch/,3
2018-10-09,The Screaming Skull,1958,https://letterboxd.com/film/the-screaming-skull/,3
2018-10-14,Asylum,1972,https://letterboxd.com/film/asylum/,3
2018-10-15,Sleepaway Camp II: Unhappy Campers,1988,https://letterboxd.com/film/sleepaway-camp-ii-unhappy-campers/,3
2018-10-16,Lisa and the Devil,1973,https://letterboxd.com/film/lisa-and-the-devil/,3
2018-10-17,Double Trouble,1992,https://letterboxd.com/film/double-trouble-1992/,2.5
2018-10-18,Sleepaway Camp III: Teenage Wasteland,1989,https://letterboxd.com/film/sleepaway-camp-iii-teenage-wasteland/,3
2018-10-19,Aenigma,1987,https://letterboxd.com/film/aenigma/,2
2018-10-21,The Marine,2006,https://letterboxd.com/film/the-marine/,2
2018-10-22,The Witch Who Came from the Sea,1976,https://letterboxd.com/film/the-witch-who-came-from-the-sea/,2.5
2018-10-22,Satan,1974,https://letterboxd.com/film/satan-1974/,3
2018-10-24,The Visit,2015,https://letterboxd.com/film/the-visit-2015/,3.5
2018-10-25,Night of the Demons,1988,https://letterboxd.com/film/night-of-the-demons/,2.5
2018-10-27,[REC],2007,https://letterboxd.com/film/rec/,4
2018-10-27,Paranormal Activity,2007,https://letterboxd.com/film/paranormal-activity/,3
2018-10-27,She Demons,1958,https://letterboxd.com/film/she-demons/,2
2018-10-28,The War of the Worlds,1953,https://letterboxd.com/film/the-war-of-the-worlds/,3
2018-10-28,The Blob,1988,https://letterboxd.com/film/the-blob-1988/,3
2018-10-29,Killer Klowns from Outer Space,1988,https://letterboxd.com/film/killer-klowns-from-outer-space/,3
2018-10-29,The Deadly Spawn,1983,https://letterboxd.com/film/the-deadly-spawn/,3
2018-10-29,Village of the Damned,1995,https://letterboxd.com/film/village-of-the-damned-1995/,3
2018-10-30,Halloween,2018,https://letterboxd.com/film/halloween-2018/,3.5
2018-10-31,Body Melt,1993,https://letterboxd.com/film/body-melt/,2.5
2018-10-31,Jennifer's Body,2009,https://letterboxd.com/film/jennifers-body/,2
2018-11-01,The Wicker Man,1973,https://letterboxd.com/film/the-wicker-man/,4.5
2018-11-04,They'll Love Me When I'm Dead,2018,https://letterboxd.com/film/theyll-love-me-when-im-dead/,4.5
2018-11-09,The Final Terror,1983,https://letterboxd.com/film/the-final-terror/,2.5
2018-11-11,Fahrenheit 9/11,2004,https://letterboxd.com/film/fahrenheit-9-11/,3.5
2018-11-12,Suspiria,2018,https://letterboxd.com/film/suspiria-2018/,4
2018-11-14,Filmworker,2017,https://letterboxd.com/film/filmworker/,4
2018-11-18,The Black Cat,1981,https://letterboxd.com/film/the-black-cat-1981/,3.5
2018-11-19,All She Wants for Christmas,2006,https://letterboxd.com/film/all-she-wants-for-christmas/,3.5
2018-11-19,Sinister Minister,2017,https://letterboxd.com/film/sinister-minister/,2
2018-11-21,Cyborg 2,1993,https://letterboxd.com/film/cyborg-2/,1
2018-11-22,The Spirit of Christmas,2015,https://letterboxd.com/film/the-spirit-of-christmas-2015/,2
2018-11-25,The Hills Have Eyes,1977,https://letterboxd.com/film/the-hills-have-eyes/,3
2018-11-25,Blood Rage,1987,https://letterboxd.com/film/blood-rage-1987/,3
2018-11-26,Dead or Alive,1999,https://letterboxd.com/film/dead-or-alive/,3
2018-11-26,You Were Never Really Here,2017,https://letterboxd.com/film/you-were-never-really-here/,4
2018-11-29,"Electric Boogaloo: The Wild, Untold Story of Cannon Films",2014,https://letterboxd.com/film/electric-boogaloo-the-wild-untold-story-of-cannon-films/,3.5
2018-11-30,Opera,1987,https://letterboxd.com/film/opera/,3.5
2018-12-01,The Zodiac Killer,1971,https://letterboxd.com/film/the-zodiac-killer/,3.5
2018-12-01,Stalked by My Doctor,2015,https://letterboxd.com/film/stalked-by-my-doctor/,3
2018-12-02,The Boneyard,1991,https://letterboxd.com/film/the-boneyard/,2.5
2018-12-02,Never Take Sweets from a Stranger,1960,https://letterboxd.com/film/never-take-sweets-from-a-stranger/,3.5
2018-12-02,Lost Holiday: The Jim & Suzanne Shemwell Story,2007,https://letterboxd.com/film/lost-holiday-the-jim-suzanne-shemwell-story/,3
2018-12-03,Happy Birthday to Me,1981,https://letterboxd.com/film/happy-birthday-to-me/,3
2018-12-03,Grizzly,1976,https://letterboxd.com/film/grizzly/,4
2018-12-04,Maniac,1980,https://letterboxd.com/film/maniac-1980/,3.5
2018-12-05,Creepshow 2,1987,https://letterboxd.com/film/creepshow-2/,2
2018-12-05,Document of the Dead,1985,https://letterboxd.com/film/document-of-the-dead/,3
2018-12-09,Another Son of Sam,1977,https://letterboxd.com/film/another-son-of-sam/,2.5
2018-12-09,Beyond the Door,1974,https://letterboxd.com/film/beyond-the-door/,3
2018-12-11,The Legend of Boggy Creek,1972,https://letterboxd.com/film/the-legend-of-boggy-creek/,3
2018-12-12,Shirkers,2018,https://letterboxd.com/film/shirkers/,5
2018-12-13,The Clovehitch Killer,2018,https://letterboxd.com/film/the-clovehitch-killer/,4
2018-12-13,Road to Revenge,1993,https://letterboxd.com/film/road-to-revenge/,3.5
2018-12-15,Better Watch Out,2016,https://letterboxd.com/film/better-watch-out/,1
2018-12-16,Blood Hook,1986,https://letterboxd.com/film/blood-hook/,2.5
2018-12-16,Spine Tingler! The William Castle Story,2007,https://letterboxd.com/film/spine-tingler-the-william-castle-story/,3.5
2018-12-16,Christmas Evil,1980,https://letterboxd.com/film/christmas-evil/,4
2018-12-16,Nancy,2018,https://letterboxd.com/film/nancy/,4.5
2018-12-18,Bombshell,1933,https://letterboxd.com/film/bombshell/,4.5
2018-12-22,Cam,2018,https://letterboxd.com/film/cam/,3.5
2018-12-23,Phantasm,1979,https://letterboxd.com/film/phantasm/,3.5
2018-12-23,Lost Soul: The Doomed Journey of Richard Stanley's “Island of Dr. Moreau”,2014,https://letterboxd.com/film/lost-soul-the-doomed-journey-of-richard-stanleys-island-of-dr-moreau/,2.5
2018-12-24,Nightbreed,1990,https://letterboxd.com/film/nightbreed/,2
2018-12-29,Vice,2018,https://letterboxd.com/film/vice-2018/,3.5
2018-12-31,Misery,1990,https://letterboxd.com/film/misery/,4
2018-12-31,A Simple Favor,2018,https://letterboxd.com/film/a-simple-favor/,1.5
2019-01-02,Duck Soup,1933,https://letterboxd.com/film/duck-soup-1933/,3
2019-01-02,Room Service,1938,https://letterboxd.com/film/room-service/,3.5
2019-01-02,Monkey Business,1931,https://letterboxd.com/film/monkey-business/,3.5
2019-01-02,A Night at the Opera,1935,https://letterboxd.com/film/a-night-at-the-opera/,5
2019-01-03,First Reformed,2017,https://letterboxd.com/film/first-reformed/,5
2019-01-03,Diary of a Nudist,1961,https://letterboxd.com/film/diary-of-a-nudist/,3
2019-01-05,The Strangers,2008,https://letterboxd.com/film/the-strangers/,3.5
2019-01-06,The House That Jack Built,2018,https://letterboxd.com/film/the-house-that-jack-built-2018/,4
2019-01-07,Fahrenheit 11/9,2018,https://letterboxd.com/film/fahrenheit-11-9/,3.5
2019-01-07,Terror In Beverly Hills,1989,https://letterboxd.com/film/terror-in-beverly-hills/,2.5
2019-01-07,Thoroughbreds,2017,https://letterboxd.com/film/thoroughbreds-2017/,4
2019-01-09,Deadly Prey,1987,https://letterboxd.com/film/deadly-prey/,3
2019-01-11,Exorcist II: The Heretic,1977,https://letterboxd.com/film/exorcist-ii-the-heretic/,3
2019-01-11,Hollywood Cop,1987,https://letterboxd.com/film/hollywood-cop/,3
2019-01-12,The Messenger,1986,https://letterboxd.com/film/the-messenger-1986/,3
2019-01-13,Couch,2003,https://letterboxd.com/film/couch/,3
2019-01-13,The Favourite,2018,https://letterboxd.com/film/the-favourite/,5
2019-01-13,The Last Vampire On Earth,2010,https://letterboxd.com/film/the-last-vampire-on-earth/,1.5
2019-01-14,Perfect Bid: The Contestant Who Knew Too Much,2017,https://letterboxd.com/film/perfect-bid-the-contestant-who-knew-too-much/,3
2019-01-15,Destroyer,2018,https://letterboxd.com/film/destroyer-2018/,4
2019-01-16,The Turin Horse,2011,https://letterboxd.com/film/the-turin-horse/,5
2019-01-17,Psychophobia,1982,https://letterboxd.com/film/psychophobia/,2.5
2019-01-18,Death Promise,1977,https://letterboxd.com/film/death-promise/,4
2019-01-20,Hostel,2005,https://letterboxd.com/film/hostel/,2
2019-01-21,The Lobster,2015,https://letterboxd.com/film/the-lobster/,4
2019-01-21,We Need to Talk About Kevin,2011,https://letterboxd.com/film/we-need-to-talk-about-kevin/,4
2019-01-23,The Terminator,1984,https://letterboxd.com/film/the-terminator/,3.5
2019-01-29,Terminator 2: Judgment Day,1991,https://letterboxd.com/film/terminator-2-judgment-day/,4
2019-01-30,Last Girl Standing,2015,https://letterboxd.com/film/last-girl-standing/,3.5
2019-02-02,Fireback,1983,https://letterboxd.com/film/fireback/,3
2019-02-03,Cape Fear,1991,https://letterboxd.com/film/cape-fear-1991/,3
2019-02-03,The Dead Zone,1983,https://letterboxd.com/film/the-dead-zone/,3.5
2019-02-05,The Violent Years,1956,https://letterboxd.com/film/the-violent-years/,4
2019-02-07,Bad Girls Go to Hell,1965,https://letterboxd.com/film/bad-girls-go-to-hell/,3.5
2019-02-08,The Prodigy,2019,https://letterboxd.com/film/the-prodigy-2019/,3
2019-02-09,Shocking Dark,1989,https://letterboxd.com/film/shocking-dark/,2.5
2019-02-10,All the Colors of Giallo,2019,https://letterboxd.com/film/all-the-colors-of-giallo/,2.5
2019-02-10,Cathy's Curse,1977,https://letterboxd.com/film/cathys-curse/,3.5
2019-02-10,"Another Day, Another Man",1966,https://letterboxd.com/film/another-day-another-man/,3.5
2019-02-12,Horror Noire: A History of Black Horror,2019,https://letterboxd.com/film/horror-noire-a-history-of-black-horror/,4.5
2019-02-16,That's Sexploitation!,2013,https://letterboxd.com/film/thats-sexploitation/,3.5
2019-02-19,The Butterfly Effect,2004,https://letterboxd.com/film/the-butterfly-effect/,2
2019-02-20,Star Kid,1998,https://letterboxd.com/film/star-kid/,2.5
2019-02-21,Low Blow,1986,https://letterboxd.com/film/low-blow/,3.5
2019-02-23,Final Destination 2,2003,https://letterboxd.com/film/final-destination-2/,3
2019-02-25,Scarecrows,1988,https://letterboxd.com/film/scarecrows/,3
2019-02-25,The Spell,1977,https://letterboxd.com/film/the-spell/,3.5
2019-02-26,Spider-Man: Into the Spider-Verse,2018,https://letterboxd.com/film/spider-man-into-the-spider-verse/,5
2019-03-01,Reckless Decision,1933,https://letterboxd.com/film/reckless-decision/,2.5
2019-03-02,Apollo 11,2019,https://letterboxd.com/film/apollo-11-2019/,4.5
2019-03-03,Polk County Pot Plane,1977,https://letterboxd.com/film/polk-county-pot-plane/,2.5
2019-03-04,Burial Ground,1981,https://letterboxd.com/film/burial-ground/,3
2019-03-06,Leaving Neverland,2019,https://letterboxd.com/film/leaving-neverland/,4
2019-03-06,Mommy Dead and Dearest,2017,https://letterboxd.com/film/mommy-dead-and-dearest/,4
2019-03-10,Blood Beat,1983,https://letterboxd.com/film/blood-beat/,3.5
2019-03-11,Love You To Death,2019,https://letterboxd.com/film/love-you-to-death-2019/,3.5
2019-03-12,Death Wish,1974,https://letterboxd.com/film/death-wish/,2.5
2019-03-12,There's Something Wrong with Aunt Diane,2011,https://letterboxd.com/film/theres-something-wrong-with-aunt-diane/,3.5
2019-03-13,Invasion U.S.A.,1985,https://letterboxd.com/film/invasion-usa-1985/,3
2019-03-13,Death Wish II,1982,https://letterboxd.com/film/death-wish-ii/,2.5
2019-03-16,Cléo from 5 to 7,1962,https://letterboxd.com/film/cleo-from-5-to-7/,5
2019-03-16,Vivre Sa Vie,1962,https://letterboxd.com/film/vivre-sa-vie/,3.5
2019-03-17,The Possessed,1975,https://letterboxd.com/film/the-possessed-1975-1/,4
2019-03-17,I Am Divine,2013,https://letterboxd.com/film/i-am-divine/,4.5
2019-03-17,The Devil's Hand,1961,https://letterboxd.com/film/the-devils-hand/,2.5
2019-03-17,Two Thousand Maniacs!,1964,https://letterboxd.com/film/two-thousand-maniacs/,2.5
2019-03-18,Wendy and Lucy,2008,https://letterboxd.com/film/wendy-and-lucy/,4
2019-03-18,Inception,2010,https://letterboxd.com/film/inception/,4.5
2019-03-20,Final Voyage,2000,https://letterboxd.com/film/final-voyage/,2.5
2019-03-21,The Inventor: Out for Blood in Silicon Valley,2019,https://letterboxd.com/film/the-inventor-out-for-blood-in-silicon-valley/,3
2019-03-23,"A Smell of Honey, a Swallow of Brine",1966,https://letterboxd.com/film/a-smell-of-honey-a-swallow-of-brine/,3.5
2019-03-24,A Sweet Sickness,1968,https://letterboxd.com/film/a-sweet-sickness/,2.5
2019-03-24,Teen-Age Strangler,1964,https://letterboxd.com/film/teen-age-strangler/,3.5
2019-03-25,The Brick Dollhouse,1967,https://letterboxd.com/film/the-brick-dollhouse/,3
2019-03-25,King Cohen: The Wild World of Filmmaker Larry Cohen,2017,https://letterboxd.com/film/king-cohen-the-wild-world-of-filmmaker-larry-cohen/,3.5
2019-03-25,Jail Bait,1954,https://letterboxd.com/film/jail-bait-1954/,3
2019-03-27,Snuff,1976,https://letterboxd.com/film/snuff/,2.5
2019-03-27,Twisted Pair,2018,https://letterboxd.com/film/twisted-pair/,3.5
2019-03-28,Criminally Insane,1975,https://letterboxd.com/film/criminally-insane/,3.5
2019-03-29,The Touch of Her Flesh,1967,https://letterboxd.com/film/the-touch-of-her-flesh/,2.5
2019-04-01,C.H.U.D.,1984,https://letterboxd.com/film/chud/,1.5
2019-04-03,Legacy of Satan,1974,https://letterboxd.com/film/legacy-of-satan/,3.5
2019-04-04,Indecent Desires,1968,https://letterboxd.com/film/indecent-desires/,2.5
2019-04-04,For All Mankind,1989,https://letterboxd.com/film/for-all-mankind/,4.5
2019-04-05,D.E.B.S.,2004,https://letterboxd.com/film/debs/,4
2019-04-06,Castle Freak,1995,https://letterboxd.com/film/castle-freak/,2.5
2019-04-06,Cop Hater,1958,https://letterboxd.com/film/cop-hater/,3
2019-04-06,Uncle Sam,1996,https://letterboxd.com/film/uncle-sam/,2.5
2019-04-07,The Curse of Her Flesh,1968,https://letterboxd.com/film/the-curse-of-her-flesh/,3.5
2019-04-07,The Killing of America,1981,https://letterboxd.com/film/the-killing-of-america/,3
2019-04-07,The Kiss of Her Flesh,1968,https://letterboxd.com/film/the-kiss-of-her-flesh/,3
2019-04-07,Possum,2018,https://letterboxd.com/film/possum/,4
2019-04-09,Deadly Weapons,1974,https://letterboxd.com/film/deadly-weapons/,4
2019-04-11,Double Agent 73,1974,https://letterboxd.com/film/double-agent-73/,3.5
2019-04-13,Death Wish 3,1985,https://letterboxd.com/film/death-wish-3/,3
2019-04-14,Thunder Road,2018,https://letterboxd.com/film/thunder-road-2018/,4
2019-04-14,Deadly Duo,1962,https://letterboxd.com/film/deadly-duo-1962/,2
2019-04-14,The Girls from Thunder Strip,1970,https://letterboxd.com/film/the-girls-from-thunder-strip/,1.5
2019-04-15,Stalkers,2013,https://letterboxd.com/film/stalkers/,2.5
2019-04-16,The Cry Baby Killer,1958,https://letterboxd.com/film/the-cry-baby-killer/,2.5
2019-04-17,Us,2019,https://letterboxd.com/film/us-2019/,4
2019-04-20,Truck Stop Women,1974,https://letterboxd.com/film/truck-stop-women/,3
2019-04-20,"Hot Skin, Cold Cash",1965,https://letterboxd.com/film/hot-skin-cold-cash/,2.5
2019-04-21,Madman,1981,https://letterboxd.com/film/madman/,1.5
2019-04-21,The Teacher,1974,https://letterboxd.com/film/the-teacher/,2
2019-04-21,Mission Control: The Unsung Heroes of Apollo,2017,https://letterboxd.com/film/mission-control-the-unsung-heroes-of-apollo/,3.5
2019-04-22,Wild Weed,1949,https://letterboxd.com/film/wild-weed/,2.5
2019-04-22,I Am Here....Now,2009,https://letterboxd.com/film/i-am-herenow/,2
2019-04-23,Test Tube Babies,1948,https://letterboxd.com/film/test-tube-babies/,1.5
2019-04-24,Solarbabies,1986,https://letterboxd.com/film/solarbabies/,2.5
2019-04-25,The Endless,2017,https://letterboxd.com/film/the-endless/,3.5
2019-04-27,Demon Wind,1990,https://letterboxd.com/film/demon-wind/,3
2019-04-28,Something Weird,1967,https://letterboxd.com/film/something-weird/,3.5
2019-05-01,Pet Sematary,2019,https://letterboxd.com/film/pet-sematary-2019/,1
2019-05-02,She-Devils on Wheels,1968,https://letterboxd.com/film/she-devils-on-wheels/,4
2019-05-02,Just for the Hell of It,1968,https://letterboxd.com/film/just-for-the-hell-of-it/,3
2019-05-04,"Extremely Wicked, Shockingly Evil and Vile",2019,https://letterboxd.com/film/extremely-wicked-shockingly-evil-and-vile/,2.5
2019-05-07,She-Man: A Story of Fixation,1967,https://letterboxd.com/film/she-man-a-story-of-fixation/,3.5
2019-05-09,Let Me Die a Woman,1977,https://letterboxd.com/film/let-me-die-a-woman/,3.5
2019-05-10,Dressed to Kill,1980,https://letterboxd.com/film/dressed-to-kill-1980/,4
2019-05-11,Code of Silence,1985,https://letterboxd.com/film/code-of-silence/,3
2019-05-11,BlacKkKlansman,2018,https://letterboxd.com/film/blackkklansman/,4
2019-05-11,The Unknown Known,2013,https://letterboxd.com/film/the-unknown-known/,3
2019-05-12,My Brother's Wife,1966,https://letterboxd.com/film/my-brothers-wife/,3.5
2019-05-13,Back to the Future,1985,https://letterboxd.com/film/back-to-the-future/,4.5
2019-05-14,Scum of the Earth!,1963,https://letterboxd.com/film/scum-of-the-earth/,3.5
2019-05-17,Herschell Gordon Lewis: The Godfather of Gore,2010,https://letterboxd.com/film/herschell-gordon-lewis-the-godfather-of-gore/,3
2019-05-20,Pink Flamingos,1972,https://letterboxd.com/film/pink-flamingos/,5
2019-05-22,Antropophagus,1980,https://letterboxd.com/film/antropophagus/,3
2019-05-26,The Wicker Man,2006,https://letterboxd.com/film/the-wicker-man-2006/,2
2019-05-27,The Silence,2019,https://letterboxd.com/film/the-silence-2019/,2
2019-05-29,The Hole in the Ground,2019,https://letterboxd.com/film/the-hole-in-the-ground-2019/,4
2019-06-01,Psychos in Love,1987,https://letterboxd.com/film/psychos-in-love/,4
2019-06-04,But I'm a Cheerleader,1999,https://letterboxd.com/film/but-im-a-cheerleader/,4
2019-06-06,They Paid with Bullets: Chicago 1929,1969,https://letterboxd.com/film/they-paid-with-bullets-chicago-1929/,2.5
2019-06-07,Hide and Seek,2005,https://letterboxd.com/film/hide-and-seek/,2.5
2019-06-08,Taking Lives,2004,https://letterboxd.com/film/taking-lives/,1
2019-06-10,Tombs of the Blind Dead,1972,https://letterboxd.com/film/tombs-of-the-blind-dead/,3
2019-06-10,Assault in Paradise,1977,https://letterboxd.com/film/assault-in-paradise/,3.5
2019-06-13,The Nun,2018,https://letterboxd.com/film/the-nun-2018/,2
2019-06-15,Heroes for Hire,1984,https://letterboxd.com/film/heroes-for-hire/,2.5
2019-06-16,Backcountry,2014,https://letterboxd.com/film/backcountry/,2
2019-06-18,Chained for Life,1952,https://letterboxd.com/film/chained-for-life/,2.5
2019-06-20,Hollywood Vice Squad,1986,https://letterboxd.com/film/hollywood-vice-squad/,2.5
2019-06-20,The Driller Killer,1979,https://letterboxd.com/film/the-driller-killer/,3.5
2019-06-23,Masters of the Universe,1987,https://letterboxd.com/film/masters-of-the-universe/,3
2019-06-26,God Knows Where I Am,2016,https://letterboxd.com/film/god-knows-where-i-am/,3.5
2019-06-27,The Sixth Sense,1999,https://letterboxd.com/film/the-sixth-sense/,4.5
2019-07-03,Midsommar,2019,https://letterboxd.com/film/midsommar/,4
2019-07-04,The 400 Blows,1959,https://letterboxd.com/film/the-400-blows/,5
2019-07-06,Fatal Bond,1991,https://letterboxd.com/film/fatal-bond/,2
2019-07-12,Thought Crimes,2015,https://letterboxd.com/film/thought-crimes/,2.5
2019-07-12,"I Love You, Now Die: The Commonwealth v. Michelle Carter",2019,https://letterboxd.com/film/i-love-you-now-die-the-commonwealth-v-michelle-carter/,4
2019-07-13,Munchausen,2013,https://letterboxd.com/film/munchausen/,3
2019-07-21,Secret Obsession,2019,https://letterboxd.com/film/secret-obsession/,2.5
2019-07-22,A Nightmare on Elm Street Part 2: Freddy's Revenge,1985,https://letterboxd.com/film/a-nightmare-on-elm-street-part-2-freddys-revenge/,3
2019-07-22,A Nightmare on Elm Street 3: Dream Warriors,1987,https://letterboxd.com/film/a-nightmare-on-elm-street-3-dream-warriors/,3
2019-07-24,The Immoral Three,1975,https://letterboxd.com/film/the-immoral-three/,3
2019-07-24,The Invasion,2007,https://letterboxd.com/film/the-invasion/,3
2019-07-25,Bob le Flambeur,1956,https://letterboxd.com/film/bob-le-flambeur/,5
2019-07-26,Free Radicals: A History of Experimental Film,2012,https://letterboxd.com/film/free-radicals-a-history-of-experimental-film/,3
2019-07-27,Rats: Night of Terror,1984,https://letterboxd.com/film/rats-night-of-terror/,3.5
2019-07-29,Flowers in the Attic,2014,https://letterboxd.com/film/flowers-in-the-attic-2014/,2.5
2019-07-30,Bad Black,2016,https://letterboxd.com/film/bad-black/,5
2019-07-31,78/52,2017,https://letterboxd.com/film/78-52/,3.5
2019-07-31,Once Upon a Time… in Hollywood,2019,https://letterboxd.com/film/once-upon-a-time-in-hollywood/,4
2019-08-01,The Great Hack,2019,https://letterboxd.com/film/the-great-hack/,3
2019-08-01,Bad Lieutenant,1992,https://letterboxd.com/film/bad-lieutenant/,4
2019-08-01,Hot Cars,1956,https://letterboxd.com/film/hot-cars/,3.5
2019-08-03,Garry Winogrand: All Things Are Photographable,2018,https://letterboxd.com/film/garry-winogrand-all-things-are-photographable/,4
2019-08-04,Dial M for Murder,1954,https://letterboxd.com/film/dial-m-for-murder/,4
2019-08-04,Luz,2018,https://letterboxd.com/film/luz-2018/,4.5
2019-08-05,The Watcher,2016,https://letterboxd.com/film/the-watcher-2016/,2.5
2019-08-06,Freddy's Dead: The Final Nightmare,1991,https://letterboxd.com/film/freddys-dead-the-final-nightmare/,2
2019-08-07,The Bye Bye Man,2017,https://letterboxd.com/film/the-bye-bye-man/,1
2019-08-08,The Autopsy of Jane Doe,2016,https://letterboxd.com/film/the-autopsy-of-jane-doe/,3
2019-08-09,The Conversation,1974,https://letterboxd.com/film/the-conversation/,4.5
2019-08-13,Chained Girls,1965,https://letterboxd.com/film/chained-girls/,2.5
2019-08-14,A Nightmare on Elm Street: The Dream Child,1989,https://letterboxd.com/film/a-nightmare-on-elm-street-the-dream-child/,1
2019-08-14,Girl Gang,1954,https://letterboxd.com/film/girl-gang/,2.5
2019-08-15,Meshes of the Afternoon,1943,https://letterboxd.com/film/meshes-of-the-afternoon/,5
2019-08-15,Eaux d'artifice,1953,https://letterboxd.com/film/eaux-dartifice/,3.5
2019-08-16,Hard Ticket to Hawaii,1987,https://letterboxd.com/film/hard-ticket-to-hawaii/,4
2019-08-17,Red Roses of Passion,1966,https://letterboxd.com/film/red-roses-of-passion/,4
2019-08-17,Olivia,1951,https://letterboxd.com/film/olivia-1951/,3.5
2019-08-18,Moonstruck,1987,https://letterboxd.com/film/moonstruck/,3
2019-08-19,"The Life and Death of 9413, a Hollywood Extra",1928,https://letterboxd.com/film/the-life-and-death-of-9413-a-hollywood-extra/,3.5
2019-08-19,Fitzcarraldo,1982,https://letterboxd.com/film/fitzcarraldo/,4
2019-08-20,Burden of Dreams,1982,https://letterboxd.com/film/burden-of-dreams/,3.5
2019-08-23,High School Hellcats,1958,https://letterboxd.com/film/high-school-hellcats/,3.5
2019-08-25,Deadly Switch,2019,https://letterboxd.com/film/deadly-switch/,1
2019-08-30,The Great Silence,1968,https://letterboxd.com/film/the-great-silence/,4
2019-08-31,Moonlighting Wives,1966,https://letterboxd.com/film/moonlighting-wives/,4
2019-08-31,Cannibal Holocaust,1980,https://letterboxd.com/film/cannibal-holocaust/,3.5
2019-09-01,Night Moves,2013,https://letterboxd.com/film/night-moves-2013/,4
2019-09-01,Strangers on a Train,1951,https://letterboxd.com/film/strangers-on-a-train/,4
2019-09-02,The Decline of Western Civilization,1981,https://letterboxd.com/film/the-decline-of-western-civilization/,4
2019-09-02,Psycho Stripper,2019,https://letterboxd.com/film/psycho-stripper/,0.5
2019-09-03,Big Trouble in Little China,1986,https://letterboxd.com/film/big-trouble-in-little-china/,4
2019-09-04,Hunt to Kill,2010,https://letterboxd.com/film/hunt-to-kill/,2.5
2019-09-06,Mystery of the Seeing Hand and Golden Sphere,2010,https://letterboxd.com/film/mystery-of-the-seeing-hand-and-golden-sphere/,3
2019-09-08,All the Colors of the Dark,1972,https://letterboxd.com/film/all-the-colors-of-the-dark/,4
2019-09-10,The Third Eye,1966,https://letterboxd.com/film/the-third-eye-1966/,3
2019-09-11,Revenge,2017,https://letterboxd.com/film/revenge-2017-1/,4
2019-09-13,The Texas Chainsaw Massacre 2,1986,https://letterboxd.com/film/the-texas-chainsaw-massacre-2/,3.5
2019-09-14,The Vanishing,1988,https://letterboxd.com/film/the-vanishing/,4
2019-09-14,Lake Mungo,2008,https://letterboxd.com/film/lake-mungo/,3
2019-09-15,It Chapter Two,2019,https://letterboxd.com/film/it-chapter-two/,1.5
2019-09-16,The Killing,1956,https://letterboxd.com/film/the-killing/,4
2019-09-18,Kate Plays Christine,2016,https://letterboxd.com/film/kate-plays-christine/,4.5
2019-09-19,Meek's Cutoff,2010,https://letterboxd.com/film/meeks-cutoff/,4
2019-09-22,A Vigilante,2018,https://letterboxd.com/film/a-vigilante/,3.5
2019-09-23,Silver Bullets,2011,https://letterboxd.com/film/silver-bullets/,3
2019-09-26,One Cut of the Dead,2017,https://letterboxd.com/film/one-cut-of-the-dead/,4.5
2019-09-27,My Body Hungers,1967,https://letterboxd.com/film/my-body-hungers/,3.5
2019-10-02,October Sky,1999,https://letterboxd.com/film/october-sky/,4.5
2019-10-03,I Don't Want to Be Born,1975,https://letterboxd.com/film/i-dont-want-to-be-born/,3
2019-10-04,The New York Ripper,1982,https://letterboxd.com/film/the-new-york-ripper/,3.5
2019-10-04,Don't Go in the House,1979,https://letterboxd.com/film/dont-go-in-the-house/,4
2019-10-05,The Taking of Deborah Logan,2014,https://letterboxd.com/film/the-taking-of-deborah-logan/,3
2019-10-05,A Bucket of Blood,1959,https://letterboxd.com/film/a-bucket-of-blood/,5
2019-10-06,Color Me Blood Red,1965,https://letterboxd.com/film/color-me-blood-red/,3
2019-10-06,A Hot Night at the Go-Go Lounge!,1966,https://letterboxd.com/film/a-hot-night-at-the-go-go-lounge/,2.5
2019-10-07,Goth,2003,https://letterboxd.com/film/goth-2003/,3
2019-10-07,The Ritual,2017,https://letterboxd.com/film/the-ritual-2017/,3.5
2019-10-09,Slugs,1988,https://letterboxd.com/film/slugs/,4
2019-10-10,The Psychic,1977,https://letterboxd.com/film/the-psychic/,4
2019-10-10,Threads,1984,https://letterboxd.com/film/threads/,4.5
2019-10-13,Joker,2019,https://letterboxd.com/film/joker-2019/,2.5
2019-10-14,Final Curtain,1957,https://letterboxd.com/film/final-curtain/,2
2019-10-15,Torso,1973,https://letterboxd.com/film/torso/,3.5
2019-10-16,Rabid,1977,https://letterboxd.com/film/rabid/,4
2019-10-16,Lyle,2014,https://letterboxd.com/film/lyle/,4
2019-10-17,Grotesque,1988,https://letterboxd.com/film/grotesque-1988/,3.5
2019-10-17,El Camino: A Breaking Bad Movie,2019,https://letterboxd.com/film/el-camino-a-breaking-bad-movie/,3.5
2019-10-19,New Year's Evil,1980,https://letterboxd.com/film/new-years-evil/,2.5
2019-10-19,The Lighthouse,2019,https://letterboxd.com/film/the-lighthouse-2019/,5
2019-10-19,Uninvited,1988,https://letterboxd.com/film/uninvited/,3.5
2019-10-20,Ghosthouse,1988,https://letterboxd.com/film/ghosthouse/,3.5
2019-10-20,Witchery,1988,https://letterboxd.com/film/witchery/,2.5
2019-10-21,Racket Girls,1951,https://letterboxd.com/film/racket-girls/,2
2019-10-22,Psychomania,1973,https://letterboxd.com/film/psychomania/,3
2019-10-26,The Exorcist III,1990,https://letterboxd.com/film/the-exorcist-iii/,4
2019-10-27,The Amityville Horror,1979,https://letterboxd.com/film/the-amityville-horror/,5
2019-10-28,Stranger in Our House,1978,https://letterboxd.com/film/stranger-in-our-house/,3
2019-10-28,The Little Shop of Horrors,1960,https://letterboxd.com/film/the-little-shop-of-horrors/,5
2019-10-28,Saw,2004,https://letterboxd.com/film/saw/,3
2019-10-28,Scanners,1981,https://letterboxd.com/film/scanners/,3.5
2019-10-29,Macabre,1980,https://letterboxd.com/film/macabre-1980/,3
2019-10-30,Tales from the Darkside: The Movie,1990,https://letterboxd.com/film/tales-from-the-darkside-the-movie/,3.5
2019-10-31,Don't Hang Up,1974,https://letterboxd.com/film/dont-hang-up-1974/,3.5
2019-10-31,Bride of the Monster,1955,https://letterboxd.com/film/bride-of-the-monster/,3.5
2019-11-01,Bloody Moon,1981,https://letterboxd.com/film/bloody-moon/,3
2019-11-01,The Rage: Carrie 2,1999,https://letterboxd.com/film/the-rage-carrie-2/,4
2019-11-02,Boogeymen: The Killer Compilation,2001,https://letterboxd.com/film/boogeymen-the-killer-compilation/,2.5
2019-11-04,Hands of Steel,1986,https://letterboxd.com/film/hands-of-steel/,4
2019-11-04,Glen or Glenda,1953,https://letterboxd.com/film/glen-or-glenda/,4.5
2019-11-04,Halloween 5: The Revenge of Michael Myers,1989,https://letterboxd.com/film/halloween-5-the-revenge-of-michael-myers/,3
2019-11-08,Skinner,1993,https://letterboxd.com/film/skinner/,3
2019-11-08,River of Grass,1994,https://letterboxd.com/film/river-of-grass/,4.5
2019-11-08,Don't Look in the Basement,1973,https://letterboxd.com/film/dont-look-in-the-basement/,2.5
2019-11-09,Stanley,1972,https://letterboxd.com/film/stanley/,3
2019-11-09,9 Deaths of the Ninja,1985,https://letterboxd.com/film/9-deaths-of-the-ninja-1985/,3.5
2019-11-10,Dance Hall Racket,1953,https://letterboxd.com/film/dance-hall-racket/,2.5
2019-11-11,Stray Cat Rock: Delinquent Girl Boss,1970,https://letterboxd.com/film/stray-cat-rock-delinquent-girl-boss/,4
2019-11-14,Terminator: Dark Fate,2019,https://letterboxd.com/film/terminator-dark-fate/,3.5
2019-11-17,Martial Law,1990,https://letterboxd.com/film/martial-law/,3
2019-11-18,Martial Law II: Undercover,1991,https://letterboxd.com/film/martial-law-ii-undercover/,2.5
2019-11-18,Lena's Holiday,1991,https://letterboxd.com/film/lenas-holiday/,2
2019-11-18,Las Vegas Lady,1975,https://letterboxd.com/film/las-vegas-lady/,2
2019-11-23,Robowar,1988,https://letterboxd.com/film/robowar/,3.5
2019-11-26,Vigilante,1983,https://letterboxd.com/film/vigilante/,4
2019-11-26,Eye for an Eye,1996,https://letterboxd.com/film/eye-for-an-eye/,3.5
2019-11-27,Woodshock,2017,https://letterboxd.com/film/woodshock-2017/,3.5
2019-11-27,Dolemite Is My Name,2019,https://letterboxd.com/film/dolemite-is-my-name/,4
2019-11-27,Parasite,2019,https://letterboxd.com/film/parasite-2019/,4.5
2019-11-28,A Taste of Flesh,1967,https://letterboxd.com/film/a-taste-of-flesh/,3
2019-11-30,Brain of Blood,1971,https://letterboxd.com/film/brain-of-blood/,3
2019-11-30,The Nightingale,2018,https://letterboxd.com/film/the-nightingale-2018/,4
2019-11-30,Snowpiercer,2013,https://letterboxd.com/film/snowpiercer/,3
2019-12-03,Mondo Cane,1962,https://letterboxd.com/film/mondo-cane/,2
2019-12-03,The Ice House,1969,https://letterboxd.com/film/the-ice-house-1969/,3
2019-12-03,All About Christmas Eve,2012,https://letterboxd.com/film/all-about-christmas-eve/,1.5
2019-12-05,Dolemite,1975,https://letterboxd.com/film/dolemite/,4.5
2019-12-05,The Sex Perils of Paulette,1965,https://letterboxd.com/film/the-sex-perils-of-paulette/,3
2019-12-06,Curse of the Vampires,1966,https://letterboxd.com/film/curse-of-the-vampires/,3
2019-12-07,Stripped to Kill,1987,https://letterboxd.com/film/stripped-to-kill/,3
2019-12-09,The Queen,1968,https://letterboxd.com/film/the-queen/,4.5
2019-12-09,Dial Code Santa Claus,1989,https://letterboxd.com/film/dial-code-santa-claus/,4
2019-12-10,The Irishman,2019,https://letterboxd.com/film/the-irishman-2019/,4.5
2019-12-10,Gremlins,1984,https://letterboxd.com/film/gremlins/,4
2019-12-11,The Hookers,1967,https://letterboxd.com/film/the-hookers/,2.5
2019-12-13,Booksmart,2019,https://letterboxd.com/film/booksmart/,4.5
2019-12-13,High Life,2018,https://letterboxd.com/film/high-life-2018/,4
2019-12-14,The Wind,2018,https://letterboxd.com/film/the-wind-2018/,3.5
2019-12-14,The Human Tornado,1976,https://letterboxd.com/film/the-human-tornado/,4
2019-12-15,A Girl Walks Home Alone at Night,2014,https://letterboxd.com/film/a-girl-walks-home-alone-at-night/,4.5
2019-12-17,Mary Jane's Not a Virgin Anymore,1996,https://letterboxd.com/film/mary-janes-not-a-virgin-anymore/,4.5
2019-12-17,I Was a Teenage Serial Killer,1993,https://letterboxd.com/film/i-was-a-teenage-serial-killer/,4.5
2019-12-21,Orgy of the Dead,1965,https://letterboxd.com/film/orgy-of-the-dead/,4.5
2019-12-21,Fanny & Alexander,1982,https://letterboxd.com/film/fanny-alexander/,5
2019-12-22,Fleshpot on 42nd Street,1973,https://letterboxd.com/film/fleshpot-on-42nd-street/,4
2019-12-28,Zombie 3,1988,https://letterboxd.com/film/zombie-3/,3.5
2019-12-28,Uncut Gems,2019,https://letterboxd.com/film/uncut-gems/,4.5
2019-12-29,Humanoids from the Deep,1980,https://letterboxd.com/film/humanoids-from-the-deep/,3.5
2019-12-29,Ecco,1963,https://letterboxd.com/film/ecco/,3.5
2019-12-29,The Forbidden,1966,https://letterboxd.com/film/the-forbidden/,3
2019-12-29,The Notorious Bettie Page,2005,https://letterboxd.com/film/the-notorious-bettie-page/,3.5
2019-12-31,The Hitch-Hiker,1953,https://letterboxd.com/film/the-hitch-hiker/,4
2019-12-31,Rage to Kill,1988,https://letterboxd.com/film/rage-to-kill/,3
2020-01-01,Green,2011,https://letterboxd.com/film/green-2011/,3
2020-01-01,Always Shine,2016,https://letterboxd.com/film/always-shine/,4
