Date,Name,Year,Letterboxd URI,Rating,Rewatch,Review,Tags,Watched Date
2015-02-21,Birdman,2014,https://letterboxd.com/malantonio/film/birdman/,3.5,,"the acting was phenomenal, ditto the soundtrack, but for whatever reason the other parts just stuck me as ""pretty good""",digital,
2017-03-05,10 Cloverfield Lane,2016,https://letterboxd.com/malantonio/film/10-cloverfield-lane/,3.5,,did this really need to become part of a franchise?,"streaming, hulu",2017-03-04
2017-03-06,Stage Fright,1950,https://letterboxd.com/malantonio/film/stage-fright/,4,,"fun and surprisingly funny? my knowledge of Hitchcock is sorely limited to the big names (Psycho, the Birds, Vertigo, etc) so this was a lovely surprise. the acting is on-point -- Jane Wyman and Michael Wilding are charming as all get-out, and Alastair Sim is a delight to watch.","35mm, colonial theatre, theater",2017-03-05
2017-03-07,All the President's Men,1976,https://letterboxd.com/malantonio/film/all-the-presidents-men/,4,,gripping pacing and fantastic camerawork throughout. calls for a rewatch solely for the amount of information that's crammed into 2 hours. the final few minutes feel rushed / tacked on and I wonder what a 3 hour version would have felt like.,"streaming, hbo",2017-03-06
2017-07-17,Treasure of the Four Crowns,1983,https://letterboxd.com/malantonio/film/treasure-of-the-four-crowns/,4,,"italian indiana jones as a heist movie. 3d effects are abundant. a whole lot of fun, but I wonder how it plays in 2d?","35mm, 3d, theater, exhumed films",2017-07-16
2017-07-17,Hit the Road Running,1983,https://letterboxd.com/malantonio/film/hit-the-road-running/,3.5,,"suffers a bit from being too long and repeating itself, but a surprisingly fun ride throughout. ","35mm, 3d, theater, exhumed films",2017-07-16
2017-07-19,The Last House on the Left,1972,https://letterboxd.com/malantonio/film/the-last-house-on-the-left/,2.5,Yes,"a) are the weird happy-go-lucky songs in the first half supposed to cause unease? to give the impression that the film is on the side of the killers?

b) is the wacky journey of the cops supposed to imply that law enforcement is incompetent and give a ""take matters into yr own hands"" message, a la DEATH WISH?

maybe they're both right, but I have trouble putting together these undercurrents with the film I actually watched.",dvd,2017-07-18
2017-09-16,The Death King,1990,https://letterboxd.com/malantonio/film/the-death-king/,2,,"low budget morbid curiosity from early 90s germany that plays like an art house FACES OF DEATH. seven segments featuring suicides and/or murders. the penultimate is legitately disturbing and most memorable, but it takes a while to get there. there's also a repeating interlude of a decaying corpse which would be a good companion to that one Brakhage film.","streaming, shudder",2017-09-15
2017-09-18,Point Break,1991,https://letterboxd.com/malantonio/film/point-break/,3,,I don't understand swayze's appeal,"streaming, google play",2017-09-17
2017-09-24,WNUF Halloween Special,2013,https://letterboxd.com/malantonio/film/wnuf-halloween-special/,3.5,,"I love the effort that went into presenting this as a real artifact, especially the segments/commercials that are included purely to invoke the mood of the times. ","streaming, shudder",2017-09-23
2017-10-15,The Fly II,1989,https://letterboxd.com/malantonio/film/the-fly-ii/,3,,"why this wasn't called ""son of the fly"" is beyond me",download,2017-10-14
2017-10-21,Dracula,1931,https://letterboxd.com/malantonio/film/dracula/,4,,I am absolutely Here For This,"streaming, shudder",2017-10-20
2017-10-27,Children of the Corn,1984,https://letterboxd.com/malantonio/film/children-of-the-corn/,1.5,,the kids' fashion is pretty great. so there's that I guess. ,"netflix, streaming",2017-10-26
2017-12-25,Detour,1945,https://letterboxd.com/malantonio/film/detour/,4,Yes,ann savage <3 <3,"dvd-rip, film noir",2017-12-24
2018-01-11,Fatal Honeymoon,2012,https://letterboxd.com/malantonio/film/fatal-honeymoon/1/,2.5,Yes,this may very well be my favorite harvey keitel performance? more harvey playing normal old dudes please. ,"streaming, youtube",2018-01-10
2018-01-12,Alien Intrusion: Unmasking a Deception,2018,https://letterboxd.com/malantonio/film/alien-intrusion-unmasking-a-deception/,1.5,,spoiler: aliens are demons,"digital, theater",2018-01-11
2018-01-18,Passenger 57,1992,https://letterboxd.com/malantonio/film/passenger-57/,3,,a showcase of 90s action tropes and a fantastic slap-bass/saxophone soundtrack. ,laserdisc,2018-01-17
2018-02-09,The Conjuring,2013,https://letterboxd.com/malantonio/film/the-conjuring/,2.5,Yes,"there's a fantastic haunted house movie in there that's unfortunately bogged down with too much going on. not really sure the warrens needed to be major characters. but james wan knows how to direct the hell out of a slow scare (that is, when the camera isn't flailing around).","streaming, netflix",2018-02-08
2018-02-10,Tank,1984,https://letterboxd.com/malantonio/film/tank-1984/,2.5,,"a fun, odd movie about family, a tank, and posse comitatus. definitely 30 mins too long, but it's easy to get swept up in how much fun everyone seems to be having. ","streaming, google play",2018-02-09
2018-02-27,Annihilation,2018,https://letterboxd.com/malantonio/film/annihilation/,3,,"probably gonna need to see this one again. it wasn't an unpleasant ""what's going on here? / i think i know what's going on"", but i still feel uncertain","digital, theater",2018-02-26
2018-03-22,The Dark Knight,2008,https://letterboxd.com/malantonio/film/the-dark-knight/1/,3.5,Yes,"every time I rewatch this, the convoluted-ness of the plot is more apparent. I still cry at just about every Michael Caine speech though.","streaming, google play",2018-03-21
2018-03-25,The Dark Knight Rises,2012,https://letterboxd.com/malantonio/film/the-dark-knight-rises/,2.5,Yes,"maybe it's because no one i watched this with was having it, but this didn't hold up very strongly. everything's muddy because there's too much of it happening. remember how great the trailers were in the lead-up to its release?","streaming, google play",2018-03-24
2018-03-27,The Nice Guys,2016,https://letterboxd.com/malantonio/film/the-nice-guys/,4.5,,one of my favorite screenplays in recent memory and everyone knocks it out of the park.,dvd,2018-03-26
2018-03-31,The Craft,1996,https://letterboxd.com/malantonio/film/the-craft/2/,4.5,Yes,"when nancy's stepfather/mom's-boyfriend dies, they get $175k from his insurance. with that they buy: a jukebox of connie frances records, new furniture + outfits, a convertable, and move to a fancy 2(?) bedroom apartment in la. a) did they buy or rent the apt? b) of renting, how long can they expect to live there?","digital, theater",2018-03-30
2018-04-01,Five Easy Pieces,1970,https://letterboxd.com/malantonio/film/five-easy-pieces/,3.5,,i spent a majority of the movie not liking bobby before i realized that neither does he. it's fascinating and beautiful and poignant in a way that feels very of its time. ,"streaming, filmstruck",2018-03-31
2018-04-02,Decasia,2002,https://letterboxd.com/malantonio/film/decasia/,3.5,,"dizzying and fascinating. there's a sequence early on that, from the dissonant soundtrack and slowed frame-rate, creeped me out like a great horror film. the score is like a dream penderecki / godspeed you black emperor collab. ","streaming, filmstruck",2018-04-01
2018-04-02,Benny's Video,1992,https://letterboxd.com/malantonio/film/bennys-video/,2.5,Yes,"this plays out like a literal nightmare, which makes it unforgettable. the messaging of the movie is a little heavy-handed, which is kinda haneke's thing. ","streaming, filmstruck",2018-04-01
2018-04-06,Voyage to the Sky,1937,https://letterboxd.com/malantonio/film/voyage-to-the-sky/,3.5,,"some lovely special effects in this, and a surprisingly understandable explanation of how distance in space is calculated. ","streaming, filmstruck",2018-04-05
2018-04-08,Light Is Calling,2004,https://letterboxd.com/malantonio/film/light-is-calling/,3.5,,the yellowing and warping of the filmstock give the feeling of human forms emerging from flames. ,"streaming, filmstruck",2018-04-08
2018-04-12,Unsane,2018,https://letterboxd.com/malantonio/film/unsane/,3,,"this movie succeeds when it's left ambiguous, and the back half suffers when the jig is up, so to speak. there's also some subplots that are a little heavy handed. and a totally unnecessary cameo.","theater, digital, moviepass",2018-04-11
2018-04-14,Andre the Giant,2018,https://letterboxd.com/malantonio/film/andre-the-giant/,3,,"a fine watch, but plays out almost exactly how you'd imagine it would. almost unfortunately conventional in its approach. ","streaming, hbo",2018-04-13
2018-04-16,Se7en,1995,https://letterboxd.com/malantonio/film/se7en/,4,Yes,"woof. not having seen this in years, the memory that sticks is mostly how grisly the crime scenes are. but the crushing hopelessness that permeates is stronger now.","streaming, netflix",2018-04-15
2018-04-17,Eraserhead,1977,https://letterboxd.com/malantonio/film/eraserhead/,5,Yes,encompasses every anxiety i have about becoming an adult,"streaming, filmstruck",2018-04-16
2018-04-18,The Killing of a Sacred Deer,2017,https://letterboxd.com/malantonio/film/the-killing-of-a-sacred-deer/,4.5,,"i was shook for a solid fifteen minutes after the credits finished. the plot was mentioned to me long enough ago that i had forgotten the broad strokes + went in mostly not knowing what to expect. that seems like the best way to take this one in. i'd love to read the screenplay. (also, i completely missed alicia silverstone) ","streaming, amazon prime",2018-04-17
2018-04-19,In Search of Ozu,2018,https://letterboxd.com/malantonio/film/in-search-of-ozu/,3.5,,a nice look at pieces of ozu's life/career. definitely fine as an extra feature. i could watch a whole film / read a whole book discussinf his screenplays and storyboards. ,"streaming, filmstruck",2018-04-19
2018-04-24,Out of the Past,1947,https://letterboxd.com/malantonio/film/out-of-the-past/,3,Yes,"lots of twists and turns, which isnt the easiest to follow on an airplane. can't lie, i had a hard time telling kathie and carson (the secretary) apart. kirk douglas is wonderfully sleazy. would have loved to see a non-code version where jeff and kathie get away together but despise each other. ","streaming, airplane, delta",2018-04-23
2018-04-30,My Winnipeg,2007,https://letterboxd.com/malantonio/film/my-winnipeg/,3.5,,"a mythical documentary loveletter fantasy of a film. hints of lynch, von trier, and gilliam somehow? really made me feel like i know nothing about the area i've lived in my whole life.","filmstruck, streaming",2018-04-29
2018-05-01,The Devils,1971,https://letterboxd.com/malantonio/film/the-devils/,3.5,,"to be honest, i spent a good portion of the first half not quite sure of what was happening. once the machinations became clear, however, it was hard to look away. the score is unnerving and unrelenting at times, and a few of the sequences in the back half were anxiety-inducing.  yikes.",download,2018-04-30
2018-05-05,Groundhog Day,1993,https://letterboxd.com/malantonio/film/groundhog-day/,3.5,,"i was expecting the game of the movie to be spoiled by how embedded it's become in pop culture, but it still feels fresh and exciting. some of the editng choices are really nice and capture the infinite loop feeling super well. i'm glad i finally saw this as an adult; i'm sure a lot of it would have been lost (or unappreciated) on a younger me. ","drive-in, 35mm",2018-05-04
2018-05-05,Stripes,1981,https://letterboxd.com/malantonio/film/stripes/,2,,"there were a couple of decent gags early on, but not from the main cast. i don't think comedies from this era really hold up, and this is no exception. i found it tedious and forgettable.","35mm, drive-in",2018-05-04
2018-05-13,GoodFellas,1990,https://letterboxd.com/malantonio/film/goodfellas/1/,5,Yes,always love to see this and be reminded of how many references to it in my day-to-day. ,"35mm, drive-in",2018-05-12
2018-05-13,Casino,1995,https://letterboxd.com/malantonio/film/casino/,3,,the sunglasses just keep getting bigger and bigger as the film progresses,,2018-05-12
2018-05-21,A Quiet Place,2018,https://letterboxd.com/malantonio/film/a-quiet-place-2018/,2.5,,Some pretty effective scenes and the quiet parts live up to the hype. It goes a little overboard on the *VOLUME TO TEN* scares which just becomes tired by the end. The monsters are also meh; yadda yadda the horror is what isn't seen. I was super glad to see that the newscasts that open up one of the trailers aren't included.,"theater, moviepass, digital",2018-05-20
2018-05-21,Skate Witches,1986,https://letterboxd.com/malantonio/film/skate-witches/,5,Yes,"as with PUCE MOMENT and DIRTY GIRLS, i feel like things might have turned out differently for me if i saw this in high school. short, sweet, tuff, funny, weird, perfect.","streaming, youtube",2018-05-20
2018-05-25,Manson's Lost Girls,2016,https://letterboxd.com/malantonio/film/mansons-lost-girls/,2.5,,"all of the men are hillariously miscast. and really, everyone looks like a model. we spent most of the time discussing what a Good Manson Film would be like. that being said, it gets better as it progresses and ends up with a few good sequences. for a lifetime movie, it does a pretty good job.","streaming, lifetime movie club",2018-05-23
2018-05-26,Re-Animator,1985,https://letterboxd.com/malantonio/film/re-animator/,3,,delightfully bonkers. ,"35mm, drive-in",2018-05-25
2018-05-26,Return of the Living Dead Part II,1988,https://letterboxd.com/malantonio/film/return-of-the-living-dead-part-ii/,2,,enjoyable when the jokes land but kind of a slog otherwise. i do love the idea of bringing back characters who died a movie previously and not addressing it.,"35mm, drive-in",2018-05-25
2018-05-27,Pet Sematary,1989,https://letterboxd.com/malantonio/film/pet-sematary/1/,3,Yes,"next verse, same as the first: fred gwynne is the reason to return to this. the rest of the cast plays it like a made-for-tv movie. but like, use jud's speeches for an acting audition; they're great. ","35mm, drive-in",2018-05-26
2018-05-27,Tales from the Crypt,1972,https://letterboxd.com/malantonio/film/tales-from-the-crypt/,5,,"this is just a fun trip, very faithful in vibe to the comics, from what i remember. makes me want to marathon horror anthologies from the period. ","35mm, drive-in",2018-05-27
2018-05-28,Zombie Flesh Eaters,1979,https://letterboxd.com/malantonio/film/zombie-flesh-eaters/1/,3.5,Yes,grows on me each time. a high-water mark for italian zombie pictures. ,"35mm, drive-in",2018-05-27
2018-05-28,Black Magic Part II,1976,https://letterboxd.com/malantonio/film/black-magic-part-ii/,2.5,,"final reel was missing, but i still need to see this again just to try to figure out what the hell is going on. ","35mm, drive-in",2018-05-28
2018-06-01,The Alphabet,1968,https://letterboxd.com/malantonio/film/the-alphabet/,4,Yes,the thought of lynch making this in a tiny apartment in philadelphia fills me with joy and wonder.,"streaming, filmstruck",2018-05-31
2018-06-01,Altered States,1980,https://letterboxd.com/malantonio/film/altered-states/,3.5,Yes,"in a nice twist, i enjoyed this a whole lot more than i did whenever it was i first saw it. incredible compositions, eerie/cacophonous score. the dialogue is almost impossible to follow at times, however: people yelling smart things over each other at a breakneck pace. (according to imdb trivia: intentionally hard to understand as a protest against the material?) i also have no concrete idea of what is going on? what a weird horror movie.","streaming, filmstruck",2018-05-31
2018-06-02,Halloween,1978,https://letterboxd.com/malantonio/film/halloween-1978/2/,4,Yes,beat-up print at the drive-in is a great way to see this. ,"35mm, drive-in",2018-06-01
2018-06-02,Prince of Darkness,1987,https://letterboxd.com/malantonio/film/prince-of-darkness/,1.5,,i found this to be incredibly incomprehensible to the point where i sat slackjawed trying to understand what anyone was saying. it's a jumbled hodgepodge of ideas encountered by something like 8 characters who have no idea what is happening. maybe i need to watch it alone where i'm able to rewind. there are some interesting images/concepts in the backhalf but by that point i was gone.,"35mm, drive-in",2018-06-01
2018-06-03,Christine,1983,https://letterboxd.com/malantonio/film/christine-1983/,3,,"as terrible as the concept of an evil car sounds, this manages to pull it off pretty well.","35mm, drive-in",2018-06-02
2018-06-03,In the Mouth of Madness,1994,https://letterboxd.com/malantonio/film/in-the-mouth-of-madness/,3,,"kind of like a lovecraftian noir which is an interesting idea. all of the driving scenes really got me, as did the dream sequence with the cop. the scenes with sutter cane are a little much but i'm on board all the way down. ","35mm, drive-in",2018-06-02
2018-06-04,Peeping Tom,1960,https://letterboxd.com/malantonio/film/peeping-tom/,3,,has the grimy feel of an american film of the 70s.  super interesting to see this executed in 1960,filmstruck,2018-06-03
2018-06-04,Enter the Dragon,1973,https://letterboxd.com/malantonio/film/enter-the-dragon/,3,,"i wonder if a lot of the reputation around this movie has to do with bruce lee's death during post-production. it's a fine watch, definitely a good first classic martial arts film, but there weren't any moments that felt as revelatory as i was expecting with its notoriety.",download,2018-06-03
2018-06-04,My Cousin Vinny,1992,https://letterboxd.com/malantonio/film/my-cousin-vinny/,4,Yes,"an all-around Very Good 90s comedy. the laughs still land for me, even after watching this all the time on cable in my early 20s. marissa tomei deserved her oscar. i'll always pop for fred gwynne. if i have a complaint, it's that vinny's courtroom prowess seems unearned. there could've been more than just a montage to show that he has his shit together.",dvd-rip,2018-06-03
2018-06-05,Boy Meets Girl,2015,https://letterboxd.com/malantonio/film/boy-meets-girl-2015/,3.5,,"this was a very nice watch. its independent-ness shows at times (the film would have benefitted from more post-production work, especially some of the color timing and foley work) but it adds to the film's charm. the writing feels true most of the time and the dialogue is more vulgar (read: ""real"") than i was expecting. that being said, the characters seem to have odd boundaries with some of the topics, which i can't tell is true to the characters or the writer getting to a certain point and then pulling back (""no that's too far!""). for some of the characters it feels a bit jarring for them to be prudish, but then again, that's how some people are.

also, not to spoil anything, but a character has a shift in the last act that feels a little out of place and just kind of... there? maybe unearned? i don't know; the scene where it happens also just feels a little oddly placed in the story. 

anyway, it's a good watch. a mature look at a story that could have been super watered-down in a not-good Lifetime way. michelle hendley is fantastic in her first role (?!)","streaming, hulu",2018-06-04
2018-06-08,Hereditary,2018,https://letterboxd.com/malantonio/film/hereditary/,5,,it's every bit as good as the trailer made it seem and then some. legit terrifying.,"digital, theater",2018-06-07
2018-06-10,The Room,2003,https://letterboxd.com/malantonio/film/the-room/,3,,"they're all in hell, right? like, every character is trapped in a hell where time has no meaning and they keep trying to exit but no one can get away. 
",download,2018-06-09
2018-06-11,Hereditary,2018,https://letterboxd.com/malantonio/film/hereditary/1/,5,Yes,"it's still fucking great. seeing it again so shortly after the first time made me aware of how i watch films initially. like how easily i get sucked into a story and miss small moments/details; how willing i am to go along for the ride. this one got me and is likely to continue getting me. the second time around was a lot clearer-eyed and let me enjoy the craft of the film, which is exceptional for a first-timer.","theater, digital",2018-06-10
2018-06-11,Police Story,1985,https://letterboxd.com/malantonio/film/police-story/,3,,"nobody does an action set piece like jackie chan. some jokes/gags haven't aged well, but a fun trip overall. ","streaming, google play",2018-06-10
2018-06-11,The Disaster Artist,2017,https://letterboxd.com/malantonio/film/the-disaster-artist/,2,,"did this need to get made? it had the feel of a funny or die sketch that went on for way too long. maybe a shot-for-shot remake á la van sant's PSYCHO would've conveyed the same love of the source material without mythologizing the original. or even a documentary. to me, that's when this film really shined. ",,2018-06-10
2018-06-14,Upgrade,2018,https://letterboxd.com/malantonio/film/upgrade/,1.5,,"i'll give it props for looking like a much larger budgeted film. you really can do a lot with cgi for not a lot of money.

the score is also a really nice warm synth bath at times.","theater, digital",2018-06-13
2018-06-17,From Dusk Till Dawn,1996,https://letterboxd.com/malantonio/film/from-dusk-till-dawn/,2.5,,this is great any time tarantino isn't on screen. i'd watch the shit out of a bergman-esque film w/ keitel's character,"35mm, drive-in",2018-06-16
2018-06-17,Near Dark,1987,https://letterboxd.com/malantonio/film/near-dark/,3.5,,i had to let this one sink in a bit but i think i really dug it. it shares a vibe with my favorite 80s b-movies which i can't explain too well: the story is tight and works within its tight budget super well. ,"35mm, drive-in",2018-06-16
2018-06-20,2001: A Space Odyssey,1968,https://letterboxd.com/malantonio/film/2001-a-space-odyssey/,5,Yes,fulfilled a life goal of seeing this on 70mm. you really notice the difference with the effects work. the sound was also maybe a notch too high which was perfect for the most part (some parts of BEYOND THE INFINITE had some distortion). ,"70mm, theater",2018-06-19
2018-06-22,2001: A Space Odyssey,1968,https://letterboxd.com/malantonio/film/2001-a-space-odyssey/1/,5,Yes,"seeing this with an actual intermission, the scenes following could be drawn out a bit more. ","70mm, theater, coolidge corner",2018-06-21
2018-06-25,Dunkirk,2017,https://letterboxd.com/malantonio/film/dunkirk-2017/,3,,i really messed up by not seeing this in a theater,"streaming, hbo",2018-06-24
2018-07-02,Raiders of the Lost Ark,1981,https://letterboxd.com/malantonio/film/raiders-of-the-lost-ark/,5,Yes,somehow i remembered indy being double-crossed a whole lot.,"35mm, drive-in",2018-07-01
2018-07-05,A Serbian Film,2010,https://letterboxd.com/malantonio/film/a-serbian-film/,1.5,,"yep, it's as bleak/vile/fucked as you've heard. i wasn't expecting it to look as slick as it does. ",download,2018-07-04
2018-07-05,The Purge,2013,https://letterboxd.com/malantonio/film/the-purge/1/,2,Yes,"completely forgot i watched this a year ago. it's still ""meh"". ",download,2018-07-04
2018-07-05,The Belko Experiment,2016,https://letterboxd.com/malantonio/film/the-belko-experiment/,3,,"of course i missed 10 minutes in the middle when things go down, but i still found it enjoyable and darkly fun. kind of reminded me of CABIN IN THE WOODS?","streaming, hbo",2018-07-04
2018-07-06,The Asphalt Jungle,1950,https://letterboxd.com/malantonio/film/the-asphalt-jungle/,4.5,,"everything's firing on all cylinders. sterling hayden, good lord. if i have a complaint, it's that it keeps going, but i'm hard-pressed to think of what could go. the last 15-20 minutes are heart-breaking. is john huston just the best at doing noir flicks?","streaming, filmstruck, film noir",2018-07-05
2018-07-07,555,1988,https://letterboxd.com/malantonio/film/555-1988/,3,,half of this movie takes place in lighting so low that it's impossible to see anything. it's also a procedural? the acting is community theater level but that's the charm. ,"vhs, drive-in",2018-07-06
2018-07-07,Ozone,1995,https://letterboxd.com/malantonio/film/ozone/,2,,"the physical effects are shockingly good. and there's a great ""achy-breaky heart"" parody.","vhs, drive-in",2018-07-06
2018-07-08,Hack-O-Lantern,1988,https://letterboxd.com/malantonio/film/hack-o-lantern/,3,,there's a lot about this that's incomprehensible but that doesn't stop it from being trashy fun. the out-of-the-blue music video rules. ,"vhs, drive-in",2018-07-07
2018-07-09,The Slumber Party Massacre,1982,https://letterboxd.com/malantonio/film/the-slumber-party-massacre/,3,,"apparently this was written as a parody but shot straight, which both makes sense and helped get me through some of the laggy bits. ",download,2018-07-08
2018-07-10,The Fourth Kind,2009,https://letterboxd.com/malantonio/film/the-fourth-kind/,3,Yes,"i think i liked this more than i did whenever it was that i first saw it. it's a real disappointment that the entire thing is made up, but on that note, the woman who plays the ""real"" abigail tyler (charlotte milchard) is great and i wish she had a larger resume. 

i do wish the cross-cutting between the ""re-enactments"" and ""archival footage"" was done in a more straight-forward way. osunsanmi plays out some scenes in a distracting split-screen (sometimes 4 panel) way that's remniscient of de palma but is wholy inappropriate for the film it's trying to be. ","streaming, amazon prime",2018-07-09
2018-07-10,Burroughs: The Movie,1983,https://letterboxd.com/malantonio/film/burroughs-the-movie/,3,,burroughs was a lot sweeter than i had imagined. a nice peek into the life of an infamous dude.,"streaming, filmstruck",2018-07-09
2018-07-12,Choke,2001,https://letterboxd.com/malantonio/film/choke-2001/,2,,"yowza. trying to explain the twists in this movie made me appreciate it a whole lot more than actually watching it. i'll say this, it looks like dennis hopper and michael madsen had a lot of fun shooting this. at least, i hope they did. 

i think a good 60% of this is dennis hopper looking around a room processing information while his internal monologue spells it out for the audience. it's bonkers. so much of this is superfluous: the flash-forwards, the flashbacks, the peeping Tom eavesdropper, the stoner hitchhikers. 

maybe watch this as a triple feature with SPEED and RESERVOIR DOGS and order a pizza and have a good time. ",dvd,2018-07-11
2018-07-15,Tourist Trap,1979,https://letterboxd.com/malantonio/film/tourist-trap/,3.5,,this was such a weird/wild trip and i had fun the whole way through. the first kill segment is one of my favorites.,"streaming, the last drive-in, shudder",2018-07-14
2018-07-16,Sorry to Bother You,2018,https://letterboxd.com/malantonio/film/sorry-to-bother-you/,4,,"i'm having trouble putting words to my feelings. i adored the script and i'm so glad that everything was kept. it's super well put together and if i had a complaint it's a little uneven in its editing (i think the film works better when things are allowed to linger a bit).

liam put it perfectly: ""Is it an angry joke or is it a story so upsetting you HAVE to laugh?""","digital, theater",2018-07-15
2018-07-17,Daughters of Darkness,1971,https://letterboxd.com/malantonio/film/daughters-of-darkness/,4,,i loved this one. it's weird and slow and disjointed and i have a lot of questions but it got its hooks into me and i was all-in for the journey.,"streaming, shudder, the last drive-in",2018-07-16
2018-07-19,Robin Williams: Come Inside My Mind,2018,https://letterboxd.com/malantonio/film/robin-williams-come-inside-my-mind/,3,,"a very nice doc but felt incomplete. almost the entirety of the 90s is skipped over, which may have been noticeable only because that's the period of time that's most familiar to me. but some very good/nice interviews and variety of footage.","streaming, hbo",2018-07-18
2018-07-20,Hype!,1996,https://letterboxd.com/malantonio/film/hype/,3,Yes,this does a great job at making the seattle scene seem like a ton of fun. got me nostalgic for being in a band. ,"streaming, filmstruck",2018-07-19
2018-07-22,Downrange,2017,https://letterboxd.com/malantonio/film/downrange/,2.5,,"an interesting concept that is stretched thin by maybe 20 minutes. the film works best when the sense of danger is unrelenting, which it loses a bit in the middle. some fantastic make-up in this, and it's one bit stunt setpiece was suprisingly thrilling. i could have done without the superfluous shots of the shooter and an unneccessarily cruel twist ending.",,2018-07-21
2018-07-22,Sleepaway Camp,1983,https://letterboxd.com/malantonio/film/sleepaway-camp/2/,3.5,Yes,it's always a treat to watch this. this might be the first time that all the pieces really came together for me. ,"streaming, shudder, the last drive-in",2018-07-21
2018-07-22,mother!,2017,https://letterboxd.com/malantonio/film/mother-2017/,3,,i'm glad someone finally made a movie about how i feel at parties,download,2018-07-21
2018-07-23,Won't You Be My Neighbor?,2018,https://letterboxd.com/malantonio/film/wont-you-be-my-neighbor/,5,,"based solely on how much i cried during the trailer, i (correctly) figured i'd be a wreck during this. but what was unexpected was how hopeful i felt leaving the theater. it's a beautiful and necessary piece of cinema. ","theater, digital",2018-07-22
2018-07-27,Burnt Offerings,1976,https://letterboxd.com/malantonio/film/burnt-offerings/,3,,a 70s slow-burn that's got a weird air and lots of soft focus / vaseline'd lenses. the acting's kinda all over the board; not sure how i feel about oliver reed. i'm starting to get a taste for haunted house movies. ,"streaming, amazon prime",2018-07-26
2018-07-28,I Bury the Living,1958,https://letterboxd.com/malantonio/film/i-bury-the-living/,3.5,,shave 20 minutes off and this is a perfect hour-long episode of the twilight zone. the thesis of the movie is good enough to make up for the extended pin-pushing sequences. it's almost my ideal 50s b-movie.,"35mm, drive-in",2018-07-27
2018-07-28,Carnival of Souls,1962,https://letterboxd.com/malantonio/film/carnival-of-souls/1/,3.5,Yes,"a thick fog rolled in for about a solid third of the film, which was appropriate but also made most of what happened incomprehensible. i love a movie with a bare premise that pads out the runtime with atmosphere. ","35mm, drive-in",2018-07-27
2018-07-29,Backwoods Marcy,1999,https://letterboxd.com/malantonio/film/film:461606/,1.5,,"this isn't a good film. like at all. yet it's fascinating as a kind-of feminist take on films like I SPIT ON YOUR GRAVE. well, the front half of movie is like that. dude's lost driving in the backwoods (for, no joke, the first third of the film). encounters the titular character, gets held captive + raped, then escapes. is this video art? i'd love to hear the writer talk about her intentions.

also, there's some awful late-90s edm that's incessantly throughout. again, this isnt a good film. ","vhs, drive-in",2018-07-07
2018-07-29,Dementia 13,1963,https://letterboxd.com/malantonio/film/dementia-13/,3.5,,is this a proto-giallo? super watchable and fun and only lags a bit towards the end. the first 20 mins are solid. ,"35mm, drive-in",2018-07-28
2018-07-29,The Slime People,1963,https://letterboxd.com/malantonio/film/the-slime-people/,2,,about 2/3rds of this is shrouded in fog,"35mm, drive-in",2018-07-28
2018-07-30,The Descent,2005,https://letterboxd.com/malantonio/film/the-descent/,3,,i was all in until the monsters showed up.,"streaming, shudder",2018-07-29
2018-07-30,"As Above, So Below",2014,https://letterboxd.com/malantonio/film/as-above-so-below-2014/1/,2.5,Yes,"would it be better if there weren't any good parts? if this was just dumb out of the gate and stayed that way? there are some tantalizingly good moments in here that are forced to exist along ""here's another well. guess we'll keep going down!""","streaming, hbo",2018-07-29
2018-07-30,What We Do in the Shadows,2014,https://letterboxd.com/malantonio/film/what-we-do-in-the-shadows/1/,4.5,Yes,the performances are top notch and the effects are surprisingly effective for what i would assume is a lower budget film. ,"streaming, amazon prime",2018-07-29
2018-08-01,Quiet Zone,2015,https://letterboxd.com/malantonio/film/quiet-zone/,4.5,,achingly sad interviews with women who suffer from electrical sensitivity played to decayed/warped film á la bill morrison. really beautifully made.,"streaming, national film board of canada",2018-07-31
2018-08-02,Pieces,1982,https://letterboxd.com/malantonio/film/pieces/1/,3,Yes,"it's just as bonkers as i remembered. the gore is well done, but you spend a lot of the down-time trying to figure out what's happening, which some details/scenes don't make easy. it's a good second movie with a group, after a few drinks and maybe a legitimately good opener. ","streaming, shudder, the last drive-in",2018-08-01
2018-08-05,Before Sunrise,1995,https://letterboxd.com/malantonio/film/before-sunrise/,3.5,,i bet ethan hawke's character has some strong opinions on tipping.,"streaming, filmstruck",2018-08-04
2018-08-06,Three Identical Strangers,2018,https://letterboxd.com/malantonio/film/three-identical-strangers/,3,,"the pacing is great, but the open ending (not the fault of the film) can't help but feel incomplete. a wild trip.","theater, digital",2018-08-05
2018-08-09,Possession,1981,https://letterboxd.com/malantonio/film/possession/,4.5,,"a frenzied fever dream of a movie. i was dizzy trying to figure out what was happening but adored every minute of it. so many of the dialogue scenes are yelled in echo-y rooms with thick european accents, so i understood maybe a third of what was said, which just added to the fogginess. absolutely unlike anything i've ever seen before.","blu-ray, theater",2018-08-08
2018-08-13,Barry Lyndon,1975,https://letterboxd.com/malantonio/film/barry-lyndon/,4.5,,"this was a treat to watch. the story is more enjoyable than i remember, but the actual production of everything is incredible.","streaming, filmstruck",2018-08-12
2018-08-14,Book of Shadows: Blair Witch 2,2000,https://letterboxd.com/malantonio/film/book-of-shadows-blair-witch-2/,2.5,Yes,"it's fun in a schlocky late-90s way, just keep your expectations super low. there are some interesting ideas in here, but the whole thing was clearly slapped together as quick as possible to capitalize on the first film. 

also, shudder had this squeezed into a 1:66 frame (instead of 1:85) and i started thinking about how nice it would be to not notice stuff like that.

""fuckin' witch!""","streaming, shudder",2018-08-13
2018-08-18,Demons 2,1986,https://letterboxd.com/malantonio/film/demons-2/1/,3,Yes,dumb and gory and fun,"streaming, shudder",2018-08-17
2018-08-22,Angst,1983,https://letterboxd.com/malantonio/film/angst/,2,,"incredible camerawork and a cute dachschund. the narration lost me, though.","streaming, shudder",2018-08-21
2018-08-25,Friday the 13th Part 2,1981,https://letterboxd.com/malantonio/film/friday-the-13th-part-2/3/,3.5,Yes,you ever watch a movie so much that you start dinging it for some of the lens choices the dp/director made?,"35mm, drive-in",2018-08-24
2018-08-25,My Bloody Valentine,1981,https://letterboxd.com/malantonio/film/my-bloody-valentine/,2.5,,"there are some really charming canadian accents and some overacting that almost make up for the lagging pacing in the back half. 

the print was beat-up but distractingly so. also, i missed the first 5 minutes and was getting tired, so maybe i'd enjoy this more on video. or not starting it at 11.","35mm, drive-in",2018-08-25
2018-08-26,The 36th Chamber of Shaolin,1978,https://letterboxd.com/malantonio/film/the-36th-chamber-of-shaolin/,4,,it's so good. i definitely would've watched at least 5 more chambers.,"theater, digital",2018-08-25
2018-09-06,Jaws,1975,https://letterboxd.com/malantonio/film/jaws/1/,4,Yes,i remembered this slogging in the middle more than it actually does; this might have been the first time i Really Watched it. the jump between the shark cage sequence and the final one feels weirdly truncated for a movie that likes to let things breathe. whatever; i saw this in a theater of fans that popped at the right parts and watched lauren scramble up her seat at all the jump scares (she'd never seen it before).,"theater, 35mm",2018-09-03
2018-09-06,Video Voyeur: The Susan Wilson Story,2002,https://letterboxd.com/malantonio/film/video-voyeur-the-susan-wilson-story/,4,,"next to MY NAME IS SARAH, maybe my ideal lifetime movie? angie harmon is fantastic and dale midkiff actually seems appropriate (unlike in PET SEMATARY, which is the only other thing i've seen him in). the back half deals with susan's trauma which harmon makes more upsetting. a very decent watch.","streaming, lifetime",2018-09-05
2018-09-07,Terrifier,2016,https://letterboxd.com/malantonio/film/terrifier-2016/,2,,"it's fine; it's a creepy clown running around killing people in a warehouse. there's some decent make-up effects for what i'm assuming was a pretty low budget. and the clown in a pizza joint's lighting is effective. but most of the film is an exercise in run-of-the-mill torture porn. to be fair though, i don't think it's trying to be anything more, and i'm grateful for that. 

looking back, i apparently gave ALL HALLOW'S EVE, art the clown's introduction, 3 stars which is more than kind. i liked this better, but it's still just fine.",,2018-09-06
2018-09-08,VHS Massacre: Cult Films and the Decline of Physical Media,2016,https://letterboxd.com/malantonio/film/vhs-massacre-cult-films-and-the-decline-of-physical-media/,2.5,,"some of the interviews are good (i love joe bob briggs when he's not drifting into adam carolla material) but unfortunately it's nothing special. has me regretting giving away my vhs tapes when i moved, though.","streaming, amazon",2018-09-07
2018-09-10,My Husband's Secret Wife,2018,https://letterboxd.com/malantonio/film/my-husbands-secret-wife/,2,,"there are some lifetime movies that are super enjoyable when they're incomprehensible, but this is unfortunately not one of them. we had a lot of ""wait, what??"" moments, but not the good kind.","streaming, lifetime",2018-09-09
2018-09-13,Invasion of the Body Snatchers,1978,https://letterboxd.com/malantonio/film/invasion-of-the-body-snatchers-1978/,4,,wow. it's a perfect remake for its time. the visual language is a great combination of very 70s zooms + 50s b-movie angles and shadows. the paranoia is palpable.,"streaming, amazon",2018-09-12
2018-09-15,The Bad Lieutenant: Port of Call - New Orleans,2009,https://letterboxd.com/malantonio/film/the-bad-lieutenant-port-of-call-new-orleans/,4,Yes,"<i>shoot him again, his soul's still dancing</i>",blu-ray,2018-09-13
2018-09-17,Mandy,2018,https://letterboxd.com/malantonio/film/mandy-2018/,4.5,,strange and beautiful and wild and over-the-top. the soundtrack is phenomenal and you've really got to see this one in a theater.,,2018-09-15
2018-09-18,Blow-Up,1966,https://letterboxd.com/malantonio/film/blow-up/1/,4,Yes,"the best parts, for me, are when things settle down and the soundtrack is just the sound of wind through trees.",,2018-09-17
2018-09-19,Spacehunter: Adventures in the Forbidden Zone,1983,https://letterboxd.com/malantonio/film/spacehunter-adventures-in-the-forbidden-zone/,2,,"the budget seems surprisingly high, even though the sets/effects are all meh. imagine an alternate universe where STAR WARS wasn't a success or loved, but george lucas made the sequels anyway and was heavily influenced by seeing MAD MAX once.","theater, dvd-rip, trash night",2018-09-18
2018-09-20,The King of Comedy,1982,https://letterboxd.com/malantonio/film/the-king-of-comedy/,4,,"some real cringey parts in the first half. and in rupert's act. okay, the whole thing made me squirm.",,2018-09-19
2018-09-21,Army of Darkness,1992,https://letterboxd.com/malantonio/film/army-of-darkness/,4,Yes,"i forgot how much fun this one is. i think i prefer the two EVIL DEAD films, but it's still a heck of a run.",,2018-09-20
2018-09-22,Big Driver,2014,https://letterboxd.com/malantonio/film/big-driver/,3.5,,"does a good stephen king adaptation require the original story to be good? because i haven't read this one but the movie is legit Very Good. it loses some of the momentum towards the end and wraps up neatly (maybe the most on-the-nose sign that this is a lifetime stephen king adaptation), but the ride there was harrowing and well-done.","streaming, lifetime",2018-09-21
2018-09-22,Terror,2007,https://letterboxd.com/malantonio/film/terror-2007/,5,,"lauren described this as ""<i>violently</i> [my] shit"", which is a perfect assessment. assembled with love (some of the films featured are deep-cuts). i cheered when the ""hello?"" montage began.","streaming, vimeo",2018-09-21
2018-10-02,Alice Sweet Alice,1976,https://letterboxd.com/malantonio/film/alice-sweet-alice/,3.5,,"very watchable with some american giallo vibes. i was kind of expecting a supernatural twist to come up, but it never did. the kills are surprisingly visceral and the whole thing has a layer of grime on it. it's great.","streaming, amazon",2018-10-01
2018-10-02,The Night of a Thousand Cats,1972,https://letterboxd.com/malantonio/film/the-night-of-a-thousand-cats/,4,,"what a weird and fun film. this seems like the product of an all-night bender and the director or star having access to a helicopter for the weekend. do you like various forms of transportation? you'll be in for a treat! love seeing cats thrown around? check this one out!

we watched the 62 minute cut and had a blast. i wonder if the longer 90+ minute version is as much fun.","streaming, amazon",2018-10-01
2018-10-04,Contamination,1980,https://letterboxd.com/malantonio/film/contamination/,2,,"according to imdb, part of the funding for this was provided by columbian drug lords, which i'm suspecting is why a third of the movie acts as a sort-of south american travelogue. the effects are cool, but in reality it's the same chest-exploding effect used on about a dozen extras. ","streaming, shudder",2018-10-02
2018-10-04,The Boy,2016,https://letterboxd.com/malantonio/film/the-boy-2016/,2.5,,i was with this until the last 20 minutes or so. the idea is refreshingly unique and weird and i was happy to go along for the ride.,"streaming, netflix",2018-10-03
2018-10-05,Nightmare City,1980,https://letterboxd.com/malantonio/film/nightmare-city/,3,,"this has enough going for it (terrible make-up, unique zombie traits, a wtf ending) that it becomes more memorable than your run-of-the-mill euro-zombie (yeah i know these aren't really ""zombies"") film from the 70s/80s. i think there's like 4 or 5 shots of creatures wiping blood off their mouth in a dramatic fashion and it got a laugh every time.",,2018-10-04
2018-10-06,The Seventh Seal,1957,https://letterboxd.com/malantonio/film/the-seventh-seal/,5,Yes,"i guess it's been a minute since i've seen this last. i forgot how much humor is in the script; the lasting memory is of max von sydow brooding while looking great. gunnar björnstrand is the standout, though.","35mm, theater",2018-10-05
2018-10-06,De Düva: The Dove,1968,https://letterboxd.com/malantonio/film/de-duva-the-dove/,4,,i lost it once i realized they were speaking fake sweedish,"35mm, theater",2018-10-05
2018-10-06,Bill & Ted's Bogus Journey,1991,https://letterboxd.com/malantonio/film/bill-teds-bogus-journey/,4,,"i think i've only seen this in chunks on tv as a kid? it plays fantastically with an audience -- the games-with-death sequence was longer and funnier than i remembered. 

also, fashion in the 26th(?) century is awesome.","theater, 35mm",2018-10-05
2018-10-07,The Gore Gore Girls,1972,https://letterboxd.com/malantonio/film/the-gore-gore-girls/,3,,"a midwestern giallo that's also kind of a comedy? it seems like it was a lot of fun to make, which goes a long way.",blu-ray,2018-10-06
2018-10-07,Mausoleum,1983,https://letterboxd.com/malantonio/film/mausoleum/,3.5,,"this was a trip. it's hammy and corny and sorta-gory and weird. i don't think i've seen this one talked about much, which is a shame. it's a great second/third tier demon film from the eighties. 

also, can we talk about the colors/lighting choices? iconic.","streaming, amazon",2018-10-06
2018-10-07,Black Sabbath,1963,https://letterboxd.com/malantonio/film/black-sabbath/,3,,the visuals are gorgeous to look at. and the third story is great. i could've sworn the middle segment was longer than a half hour.,"streaming, shudder",2018-10-06
2018-10-08,The Wizard of Gore,1970,https://letterboxd.com/malantonio/film/the-wizard-of-gore/,3,,"i love a movie that makes zero sense and shrugs its shoulders at the end saying ""it's impossible!"" it's got all the staples of an hgl film with the added bonus of playing with reality to make it extra bonkers.",blu-ray,2018-10-07
2018-10-08,Mark of the Witch,1970,https://letterboxd.com/malantonio/film/mark-of-the-witch/,3,,it's campy and fun. anitra walsh is great.  i haven't seen THE LOVE WITCH yet but this reminds me of the trailer. lush colors all around.,"streaming, amazon",2018-10-07
2018-10-09,The Screaming Skull,1958,https://letterboxd.com/malantonio/film/the-screaming-skull/,3,Yes,"i'd only seen this in its mst3k incarnation, which leads to assumptions of mediocrity. but it's pretty watchable. the ending is goofy. but the atmosphere it builds up is pretty nice.","streaming, amazon, airplane",2018-10-08
2018-10-14,Asylum,1972,https://letterboxd.com/malantonio/film/asylum/,3,,"i thought the first two stories (the voodoo one and the tailor one) were the strongest. not as overall enjoyable as TALES FROM THE CRYPT, my only other amicus point of comparison.","streaming, amazon",2018-10-13
2018-10-15,Sleepaway Camp II: Unhappy Campers,1988,https://letterboxd.com/malantonio/film/sleepaway-camp-ii-unhappy-campers/,3,,"it's a lot of fun when it's not getting into the semantics of angela's backstory (it's the late 80s, so the queer-phobic language isn't much of a surprise, it's just exhausting). renée estevez is charming and pamela springsteen is clearly having a blast.","streaming, amazon",2018-10-14
2018-10-16,Lisa and the Devil,1973,https://letterboxd.com/malantonio/film/lisa-and-the-devil/,3,,"beautiful to watch, but i had a hard time keeping up with the story (according to the wiki, a train passed by during an important plot reveal). the (sorta) dream logic works so good with bava's style, so i wasn't completely out-to-sea.","streaming, kanopy",2018-10-15
2018-10-17,Double Trouble,1992,https://letterboxd.com/malantonio/film/double-trouble-1992/,2.5,,it's a kids movie but for adults. some good one-liners sprinkled throughout but i'm not sure how this plays without a crowd/group of friends.,"theater, digital, trash night",2018-10-16
2018-10-18,Sleepaway Camp III: Teenage Wasteland,1989,https://letterboxd.com/malantonio/film/sleepaway-camp-iii-teenage-wasteland/,3,,"in theory, angela is only killing people as a form of punishment, but since pretty much everyone is awful, does it really matter? parts 2 and 3 might be my favorite slasher sequels solely because they don't bother to try to flesh out the killer. they're how people describe the later NIGHTMAREs and FRIDAY/13ths. the cut i saw had a lot of the gore edited out, which raises the question of why one would watch this in that case. 

there's some late 80s racism/classism throughout that's super offputting, but for a series whose first entry includes jokes about pedophilia, you kinda know what you're in for by this point.","streaming, amazon",2018-10-17
2018-10-19,Ænigma,1987,https://letterboxd.com/malantonio/film/nigma/,2,,"some parts (namely the stuff around kathy) seem to be tacked onto another film about a bitchy psychokinetic new-girl. and the first half doesn't feel like a fulci film at all.

wasn't really worth the effort you have to put in to figure out what adult figure is sleeping with a student.","streaming, amazon",2018-10-18
2018-10-21,The Marine,2006,https://letterboxd.com/malantonio/film/the-marine/,2,,this is an film that was Actually Made and was Actually Shown In Theaters.,dvd,2018-10-20
2018-10-22,The Witch Who Came from the Sea,1976,https://letterboxd.com/malantonio/film/the-witch-who-came-from-the-sea/,2.5,,i want to see this again after a little time passes. there's a lot of playing with reality that i had a hard time keeping up with,"streaming, amazon",2018-10-21
2018-10-22,Satan,1974,https://letterboxd.com/malantonio/film/satan-1974/,3,,"it's a turkish scene-for-scene remake of THE EXORCIST that's a fascinating watch. there's zero budget, and the theme from the original is looped and likely stolen. the effects are cheap and the acting's flat. this was super enjoyable as a two-person watch and would probably be great at a party.","streaming, amazon",2018-10-21
2018-10-24,The Visit,2015,https://letterboxd.com/malantonio/film/the-visit-2015/,3.5,,way better than i was expecting. the casting is fantastic. one of the better found-footage jawns.,"streaming, amazon",2018-10-23
2018-10-25,Night of the Demons,1988,https://letterboxd.com/malantonio/film/night-of-the-demons/,2.5,,my kingdom for stooge's BORN TO BURN devil shirt.,"streaming, amazon",2018-10-24
2018-10-27,[REC],2007,https://letterboxd.com/malantonio/film/rec/,4,,a hell of a trip... until the last 10 minutes when it tries squeezing a mythology into the story (which seems like a common flaw in found-footage films). some solid gore and creepy vibes throughout.,"streaming, hulu",2018-10-25
2018-10-27,Paranormal Activity,2007,https://letterboxd.com/malantonio/film/paranormal-activity/,3,Yes,"apparently spielberg saw a screener and suggested the current ending, which is easily the weakest part. i would have loved to have seen this opening weekend with a packed house.","streaming, amazon",2018-10-25
2018-10-27,She Demons,1958,https://letterboxd.com/malantonio/film/she-demons/,2,,some real cornball stuff here,"streaming, amazon prime",2018-10-26
2018-10-28,The War of the Worlds,1953,https://letterboxd.com/malantonio/film/the-war-of-the-worlds/,3,,"it’s some good, if higher budgeted, clean sci-fi fun until the conclusion, which is a bummer cop out","coolidge corner, 35mm",2018-10-28
2018-10-28,Alien,1979,https://letterboxd.com/malantonio/film/alien/1/,4.5,Yes,"was shocked to see the director’s cut on 35mm, but i guess it checks out?","35mm, coolidge corner",2018-10-28
2018-10-28,The Blob,1988,https://letterboxd.com/malantonio/film/the-blob-1988/,3.5,,"i think i drifted off a bit towards the end (in my defense, it was like 530a), but the effects are so good.","35mm, colonial theatre",2018-10-28
2018-10-29,Without Warning,1980,https://letterboxd.com/malantonio/film/without-warning-1980/1/,3.5,Yes,i feel so blessed to have seen this on film twice within a year,"35mm, coolidge corner",2018-10-28
2018-10-29,Killer Klowns from Outer Space,1988,https://letterboxd.com/malantonio/film/killer-klowns-from-outer-space/,3,,i have vivid memories of this always being on the sci-fi channel and the image of corpses in cotton candy haunting me. it’s also goofy as hell.,"35mm, coolidge corner",2018-10-28
2018-10-29,The Deadly Spawn,1983,https://letterboxd.com/malantonio/film/the-deadly-spawn/,3,,this is nuts,"35mm, coolidge corner",2018-10-28
2018-10-29,Village of the Damned,1995,https://letterboxd.com/malantonio/film/village-of-the-damned-1995/,3,,"there are times where this feels like a 90s tv movie, which is a bummer. but there are some pretty good nuggets in here.","35mm, coolidge corner",2018-10-28
2018-10-30,Halloween,2018,https://letterboxd.com/malantonio/film/halloween-2018/,3.5,,"it’s definitely at the head of the pack as far as franchise sequels go. and brutal in a “you want blood and guts? okay, this shit isn’t pretty” kind of way. but also kinda disjointed? i wanted to see laurie stroud’s world a lot more than her granddaughter’s.","digital, theater",2018-10-29
2018-10-31,Body Melt,1993,https://letterboxd.com/malantonio/film/body-melt/,2.5,,there’s only a few melts (everyone else kinda explodes or has weird growths). the soundtrack is a solid 70 minutes of techno,"streaming, amazon prime",2018-10-30
2018-10-31,Jennifer's Body,2009,https://letterboxd.com/malantonio/film/jennifers-body/,2,,at least there’s a good stoner metal track?,"streaming, hbo",2018-10-30
2018-11-01,The Wicker Man,1973,https://letterboxd.com/malantonio/film/the-wicker-man/,4.5,,"lauren described it as a horror movie to just one character, which is perfect. this makes so much more sense than (what i remember of) the remake.",download,2018-10-31
2018-11-04,They'll Love Me When I'm Dead,2018,https://letterboxd.com/malantonio/film/theyll-love-me-when-im-dead/,4.5,,i really need to see more orson welles films,"streaming, netflix",2018-11-03
2018-11-09,The Final Terror,1983,https://letterboxd.com/malantonio/film/the-final-terror/,2.5,,"totally fine / serviceable slasher flick. it’s shot pretty nicely for what seems like a real cheap production. come for the fake james woods, stay for the thick accents (american southern, and british??)","amazon prime, streaming",2018-11-08
2018-11-11,Fahrenheit 9/11,2004,https://letterboxd.com/malantonio/film/fahrenheit-9-11/,3.5,Yes,"“there clearly is no way that anyone can live constantly on edge like that” 

fast-forward 14 years 😅",download,2018-11-10
2018-11-11,Book of Shadows: Blair Witch 2,2000,https://letterboxd.com/malantonio/film/book-of-shadows-blair-witch-2/1/,3,Yes,watched a fan edit which claims to be closer to the director’s intentions. the pacing is definitely improved (something like 10 minutes were shaved off) and there’s clearly a message this time around.,"download, fan edit",2018-11-10
2018-11-12,Suspiria,2018,https://letterboxd.com/malantonio/film/suspiria-2018/,4,,"gorgeously made and, i think, easier to follow than the original. still had A Time making sense of what was going on in parts, but in a Good Way.","theater, digital",2018-11-11
2018-11-12,Hereditary,2018,https://letterboxd.com/malantonio/film/hereditary/2/,4.5,Yes,"i’m really curious to know what was changed as a result of audience testing (if anything). in particular, ann dowd’s voice-over at the end. i don’t have a problem with it (i’m not too well-versed in my kings of hell), but it definitely feels like it gives up some of the ambiguity the film has throughout.","amazon, streaming",2018-11-11
2018-11-14,Filmworker,2017,https://letterboxd.com/malantonio/film/filmworker/,4,,did we need another film relating how kubrick was a genius but also worked himself and everyone around him to their ragged edge? probably not. did we need a film about leon vitali? turns out we absolutely did.,"streaming, netflix",2018-11-13
2018-11-18,The Black Cat,1981,https://letterboxd.com/malantonio/film/the-black-cat-1981/,3.5,,i wish i saw this with english dubbing because patrick mcgee’s voice is so great/distinct/weird.,"streaming, amazon prime",2018-11-16
2018-11-19,All She Wants for Christmas,2006,https://letterboxd.com/malantonio/film/all-she-wants-for-christmas/,3,,definitely in so-bad-it’s-good territory. the twist is clear about 5 minutes in. there’s a scene where an extra in the background slips and falls and the rest of the extras all stop and stare and that’s the take they kept. i want to watch again and just focus on the action in the background.,"streaming, lifetime movie club, lifetime",2018-11-18
2018-11-19,Sinister Minister,2017,https://letterboxd.com/malantonio/film/sinister-minister/,2,,it starts out okay but then nosedives into mediocrity. nikki howard is better than the script she was given.,"streaming, lifetime movie club, lifetime",2018-11-18
2018-11-21,Cyborg 2,1993,https://letterboxd.com/malantonio/film/cyborg-2/,1,,this <i>might</i> be the most incomprehensible movie i’ve ever seen. at least jack parlance seems like he had a good time the two days he was on set.,"digital, theater, trash night",2018-11-20
2018-11-22,The Spirit of Christmas,2015,https://letterboxd.com/malantonio/film/the-spirit-of-christmas-2015/,2,,never thought a christmas movie about a no-nonsense lady falling in love with a ghost could be this dull and yet...,"lifetime movie club, lifetime, streaming",2018-11-21
2018-11-25,The Texas Chain Saw Massacre,1974,https://letterboxd.com/malantonio/film/the-texas-chain-saw-massacre/4/,5,Yes,“look what your brother did to the door!”,"streaming, shudder, the last drive-in",2018-11-24
2018-11-25,The Hills Have Eyes,1977,https://letterboxd.com/malantonio/film/the-hills-have-eyes/,3,,wes almost made it through the whole movie without a booby trap. almost.,"streaming, shudder, the last drive-in",2018-11-24
2018-11-25,Blood Rage,1987,https://letterboxd.com/malantonio/film/blood-rage-1987/,3,,"they really used every second of footage they got of louise lasser, didn’t they? it gets an extra half star for the ending.","streaming, shudder, the last drive-in",2018-11-24
2018-11-26,Dead or Alive,1999,https://letterboxd.com/malantonio/film/dead-or-alive/,3,,like someone’s acid-influenced rememberance of HEAT with a lot more gross-out sequences.,"streaming, shudder, the last drive-in",2018-11-25
2018-11-26,You Were Never Really Here,2017,https://letterboxd.com/malantonio/film/you-were-never-really-here/,4,,woof. this is a heavy trip.,"streaming, amazon prime",2018-11-25
2018-11-29,"Electric Boogaloo: The Wild, Untold Story of Cannon Films",2014,https://letterboxd.com/malantonio/film/electric-boogaloo-the-wild-untold-story-of-cannon-films/,3.5,,really charming history of a company whose reputation precedes it.,"streaming, netflix",2018-11-28
2018-11-30,Opera,1987,https://letterboxd.com/malantonio/film/opera/,3.5,,"what’s the deal with the music? there’s only opera in the first thirty minutes and all of a sudden a metal track during a murder. and occasionlly a random child-sung melody. i have no idea. 

the camerawork is fantastic. it’s a shame steadicams came to prominence after the giallo heyday.","streaming, amazon prime",2018-11-29
2018-12-01,The Zodiac Killer,1971,https://letterboxd.com/malantonio/film/the-zodiac-killer/,3.5,,a whole lot of schlocky goodness,blu-ray,2018-11-30
2018-12-01,Stalked by My Doctor,2015,https://letterboxd.com/malantonio/film/stalked-by-my-doctor/,3,,i want to believe that eric roberts was/is a ton of fun to be around on set,"streaming, lifetime movie club, lifetime",2018-11-30
2018-12-02,The Boneyard,1991,https://letterboxd.com/malantonio/film/the-boneyard/,2.5,,not funny enough to work as a comedy but too goofy to work as straight horror. the creature effects are pretty good. deborah rose gives a lot more than the movie deserves and it’s a bummer this is her last role.,blu-ray,2018-12-01
2018-12-02,Never Take Sweets from a Stranger,1960,https://letterboxd.com/malantonio/film/never-take-sweets-from-a-stranger/,3.5,,surprisingly frank and upsetting without resorting to exploitation. the dude playing the junior olderberry is effectively slimey.,blu-ray,2018-12-01
2018-12-02,Lost Holiday: The Jim & Suzanne Shemwell Story,2007,https://letterboxd.com/malantonio/film/lost-holiday-the-jim-suzanne-shemwell-story/,3,,no one seems too distraught that the parents are missing on a mountain until maybe the third day.,"streaming, lifetime, lifetime movie club",2018-12-01
2018-12-03,Happy Birthday to Me,1981,https://letterboxd.com/malantonio/film/happy-birthday-to-me/,3,,an enjoyable canadian giallo/slasher flick that holds up until the twist in the last 10 minutes. the ending i was expecting was a stretch but jeez louise is the actual one really reaching.,blu-ray,2018-12-02
2018-12-03,Grizzly,1976,https://letterboxd.com/malantonio/film/grizzly/,4,,"well-paced until the last reel with some “grizzly” deaths popping up whenever the plot starts to lag. if you couldn’t relate to JAWS because you’re landlocked, this might be a suitable alternative.","streaming, amazon prime",2018-12-02
2018-12-04,Maniac,1980,https://letterboxd.com/malantonio/film/maniac-1980/,3.5,,"wonderfully grimy and squirm-inducing, mainly by joe spinell’s performance both on-screen and off (his breathing + moaning on the soundtrack is Rough). great early slasher.","streaming, shudder",2018-12-03
2018-12-05,Creepshow 2,1987,https://letterboxd.com/malantonio/film/creepshow-2/,2,,"maybe it works better with a crowd, but i didn’t really like this at all. the second story started strong but the ending was weak. and the third story seems like it would work better on the page. meh.","streaming, shudder",2018-12-04
2018-12-05,Document of the Dead,1985,https://letterboxd.com/malantonio/film/document-of-the-dead/,3,,"overall it’s really interesting to see george romero over the course of like 20 years. it’s all over the place, which is kind of a bummer, and the back half is mostly fans/friends heaping praise (though his daughter has some wonderful anecdotes). but the behind the scenes footage of DAWN OF THE DEAD is worth the price of admission alone.","streaming, shudder",2018-12-04
2018-12-09,Another Son of Sam,1977,https://letterboxd.com/malantonio/film/another-son-of-sam/,2.5,,"the first half is a smorgasbord of fascinating film-making decisions but it gets bogged down stretching out a ten minute finale into something like twenty-five. 

they really got their money’s worth with that johnny charro song.",blu-ray,2018-12-08
2018-12-09,Beyond the Door,1974,https://letterboxd.com/malantonio/film/beyond-the-door/,3,,i think i liked this? it has some of the usual pitfalls you’d expect (a WHOLE lot of walking around and talking) but there’s enough weird nuggets throughout to be entertaining.,blu-ray,2018-12-08
2018-12-11,The Legend of Boggy Creek,1972,https://letterboxd.com/malantonio/film/the-legend-of-boggy-creek/,3,,"immediately flooded my brain with memories of THE TOWN THAT DREADED SUNDOWN. i really like pierce’s faux(?)-documentary style in these two films and the touch of having people star in reenactments is a lot of fun. the pacing is all over the place and really languid at times, but again, it just adds to the overall mood.","streaming, the last drive-in, shudder",2018-12-10
2018-12-12,Shirkers,2018,https://letterboxd.com/malantonio/film/shirkers/,5,,"one of those great ones that inspires from the outset, before the main story even takes place. and then the main thrust kicks in and your jaw hits the floor. the craft of the filmmaking belies sandi tan's short (filmmaking) resume. this is a film by someone who was born to make them. it's joyous, painful, funny, sad, nostalgic, infuriating, and beautiful.","netflix, streaming",2018-12-11
2018-12-13,The Clovehitch Killer,2018,https://letterboxd.com/malantonio/film/the-clovehitch-killer/,4,,that didn’t play out at all like i was expecting. well-crafted and superbly acted. loved it.,"streaming, amazon",2018-12-12
2018-12-13,Road to Revenge,1993,https://letterboxd.com/malantonio/film/road-to-revenge/,3.5,,absolutely fascinating passion project. one of the actors does a crazed dennis hopper impression the whole time. i’m always here for this.,"youtube, streaming",2018-12-12
2018-12-15,Better Watch Out,2016,https://letterboxd.com/malantonio/film/better-watch-out/,1,,eli roth fans remaking FUNNY GAMES as a black comedy and shooting for a soft R.,"shudder, streaming",2018-12-14
2018-12-16,Blood Hook,1986,https://letterboxd.com/malantonio/film/blood-hook/,2.5,,"it's charming and fun until it becomes a bit of a slog. i'm a sucker for midwest accents, so all of the locals really get me. however, there's a significant drop in energy whenever the peter character is on screen (it doesn't help that the actor looks like karen's asshole/creep neighbor from GOODFELLAS).",blu-ray,2018-12-15
2018-12-16,Spine Tingler! The William Castle Story,2007,https://letterboxd.com/malantonio/film/spine-tingler-the-william-castle-story/,3.5,,this was just nice,"streaming, kanopy",2018-12-15
2018-12-16,Christmas Evil,1980,https://letterboxd.com/malantonio/film/christmas-evil/,4,,all of the wood panelling and drop ceilings got me feeling feels.,"streaming, shudder",2018-12-15
2018-12-16,Nancy,2018,https://letterboxd.com/malantonio/film/nancy/,4.5,,i’m always here for sad movies about sad people but this was exceptional.,"streaming, kanopy",2018-12-15
2018-12-18,Bombshell,1933,https://letterboxd.com/malantonio/film/bombshell/,4.5,,"so enjoyable and charming.


 “step on it cabbie, i’m being annoyed!”","35mm, brattle theater",2018-12-17
2018-12-21,All the President's Men,1976,https://letterboxd.com/malantonio/film/all-the-presidents-men/1/,4.5,Yes,"those opening thirty minutes, good gravy. hoffman + redford are so good, but how about that supporting cast? ","streaming, amazon prime",2018-12-19
2018-12-21,Eyes Wide Shut,1999,https://letterboxd.com/malantonio/film/eyes-wide-shut/1/,5,Yes,this was my first time watching with a crowd (i’ve apparently only watched this by myself the dozen or so times in the past?) and first in a theater. the humor comes out a lot clearer with other people around. it’s got some strange logic and you get the feeling that kubrick would have trimmed some of the fat had he lived. still beautiful and weird and unique and great. maybe the best viewing i’ve had yet.,"digital, theater, brattle theater",2018-12-20
2018-12-22,Cam,2018,https://letterboxd.com/malantonio/film/cam/,3.5,,i’m so glad that the cam site wasn’t a law-and-order-esque copy but actually believable.,"streaming, netflix",2018-12-21
2018-12-23,Phantasm,1979,https://letterboxd.com/malantonio/film/phantasm/,3.5,,i think i wasn’t actively seeking this one out because any synopsis i would read just made it sound preposterous and uninteresting. yet here i am ready to invest in the whole kitten-kaboodle after a single viewing. the logic is all over the place but i guess but that’s intentional? it’s a blessing that this doesn’t get boring. into it.,"streaming, shudder, the last drive-in",2018-12-22
2018-12-23,Lost Soul: The Doomed Journey of Richard Stanley's Island of Dr. Moreau,2014,https://letterboxd.com/malantonio/film/lost-soul-the-doomed-journey-of-richard-stanleys-island-of-dr-moreau/,2.5,,"i completely forgot i watched this a couple hours after the fact. it’s fine, but limps along after richard stanley’s firing.","streaming, shudder",2018-12-22
2018-12-24,Nightbreed,1990,https://letterboxd.com/malantonio/film/nightbreed/,2,,maybe this would work better as a comic book? i dunno; this definitely wasn’t for me.,"blu-ray, theater",2018-12-22
2018-12-29,Vice,2018,https://letterboxd.com/malantonio/film/vice-2018/,3.5,,"adam mckay’s getting really close to finding that sweet spot as a filmmaker between michael moore and 90’s oliver stone. tonally, it’s all over the place, and some of the comedic moments weigh it down. but the performances are all fantastic and i think the cross-cutting works. this is the kind of film i was hoping for when W came out forever ago.","digital, theater",2018-12-28
2018-12-31,Misery,1990,https://letterboxd.com/malantonio/film/misery/,4,,"it’s an exercise in spot-on storytelling in a film. there’s no excess here; everything is in its place and serves its purpose. also, the make-up!

a bone to pick: stephen king’s big complaint about THE SHINING is that the subtext of fatherhood/alcoholism is stripped out. but this completely removes the annie-as-stand-in-for-addiction subtext and yet he’s not out there giving some convoluted car metaphor about it. 


(clearly i’m incensed about this)","streaming, shudder, with-lauren",2018-12-29
2018-12-31,A Simple Favor,2018,https://letterboxd.com/malantonio/film/a-simple-favor/,1.5,,"i dunno, this was so hard to get through. everyone is insufferable and smug. and what the hell is up with the french soundtrack?

there’s a trio of parents that saves this from being a complete disaster, but only slightly. no thanks.","streaming, amazon prime, with-lauren",2018-12-30
2019-01-02,Duck Soup,1933,https://letterboxd.com/malantonio/film/duck-soup-1933/,3,,enjoyable but a bit too scattered for my taste?,"35mm, brattle theater, theater",2019-01-01
2019-01-02,Room Service,1938,https://letterboxd.com/malantonio/film/room-service/,3.5,,i like the idea of keeping the action mostly in a single location. the supporting cast really sold this one for me.,"35mm, brattle theater, theater",2019-01-01
2019-01-02,Monkey Business,1931,https://letterboxd.com/malantonio/film/monkey-business/,3.5,,the part with chico at the piano really got me,"35mm, brattle theater, theater",2019-01-01
2019-01-02,A Night at the Opera,1935,https://letterboxd.com/malantonio/film/a-night-at-the-opera/,5,,what an absolute delight,"35mm, brattle theater, theater",2019-01-01
