Date,Name,Year,Letterboxd URI
2015-02-07,Stranded in Canton,2005,https://letterboxd.com/film/stranded-in-canton/
2016-11-02,Antibirth,2016,https://letterboxd.com/film/antibirth/
2017-01-17,The Love Witch,2016,https://letterboxd.com/film/the-love-witch/
2017-01-17,Flatliners,1990,https://letterboxd.com/film/flatliners/
2017-01-17,Assault on Precinct 13,1976,https://letterboxd.com/film/assault-on-precinct-13/
2017-01-17,Big Trouble in Little China,1986,https://letterboxd.com/film/big-trouble-in-little-china/
2017-01-17,North by Northwest,1959,https://letterboxd.com/film/north-by-northwest/
2017-01-17,Rope,1948,https://letterboxd.com/film/rope/
2017-01-17,Strangers on a Train,1951,https://letterboxd.com/film/strangers-on-a-train/
2017-01-17,Vivre Sa Vie,1962,https://letterboxd.com/film/vivre-sa-vie/
2017-01-17,Amour,2012,https://letterboxd.com/film/amour/
2017-01-17,The Piano Teacher,2001,https://letterboxd.com/film/the-piano-teacher/
2017-01-17,Tarr Béla: I Used to Be a Filmmaker,2014,https://letterboxd.com/film/tarr-bela-i-used-to-be-a-filmmaker/
2017-01-17,Satantango,1994,https://letterboxd.com/film/satantango/
2017-01-17,The Man from London,2007,https://letterboxd.com/film/the-man-from-london/
2017-01-28,"Accidental Courtesy: Daryl Davis, Race & America",2016,https://letterboxd.com/film/accidental-courtesy-daryl-davis-race-america/
2017-01-29,The Midnight Meat Train,2008,https://letterboxd.com/film/the-midnight-meat-train/
2017-02-16,Tampopo,1985,https://letterboxd.com/film/tampopo/
2017-02-16,A Taxing Woman,1987,https://letterboxd.com/film/a-taxing-woman/
2017-02-16,The Funeral,1984,https://letterboxd.com/film/the-funeral/
2017-03-05,The Young Girls of Rochefort,1967,https://letterboxd.com/film/the-young-girls-of-rochefort/
2017-03-17,Peppermint Frappe,1967,https://letterboxd.com/film/peppermint-frappe/
2017-03-23,My Name Is Albert Ayler,2006,https://letterboxd.com/film/my-name-is-albert-ayler/
2017-03-27,Toad Road,2012,https://letterboxd.com/film/toad-road/
2017-04-09,Gas Food Lodging,1992,https://letterboxd.com/film/gas-food-lodging/
2017-04-25,The Cremator,1969,https://letterboxd.com/film/the-cremator/
2017-04-28,She's Allergic to Cats,2016,https://letterboxd.com/film/shes-allergic-to-cats/
2017-05-31,Les Bonnes Femmes,1960,https://letterboxd.com/film/les-bonnes-femmes/
2017-06-03,Dressed to Kill,1980,https://letterboxd.com/film/dressed-to-kill-1980/
2017-06-08,Little Sister,2016,https://letterboxd.com/film/little-sister-2016/
2017-06-08,Wonder Woman,2017,https://letterboxd.com/film/wonder-woman-2017/
2017-06-10,Patty Hearst,1988,https://letterboxd.com/film/patty-hearst/
2017-06-12,What Lies Beneath,2000,https://letterboxd.com/film/what-lies-beneath/
2017-06-12,Who Can Kill a Child?,1976,https://letterboxd.com/film/who-can-kill-a-child/
2017-06-12,The House That Screamed,1970,https://letterboxd.com/film/the-house-that-screamed/
2017-06-12,House of Usher,1960,https://letterboxd.com/film/house-of-usher/
2017-06-14,The Diary of a Teenage Girl,2015,https://letterboxd.com/film/the-diary-of-a-teenage-girl/
2017-06-14,The Night of the Hunter,1955,https://letterboxd.com/film/the-night-of-the-hunter/
2017-06-14,A Girl Walks Home Alone at Night,2014,https://letterboxd.com/film/a-girl-walks-home-alone-at-night/
2017-06-14,I Am the Pretty Thing That Lives in the House,2016,https://letterboxd.com/film/i-am-the-pretty-thing-that-lives-in-the-house/
2017-06-15,Macbeth,1982,https://letterboxd.com/film/macbeth-1982/
2017-06-15,Damnation,1988,https://letterboxd.com/film/damnation/
2017-06-15,Fried Green Tomatoes,1991,https://letterboxd.com/film/fried-green-tomatoes/
2017-06-15,Thelma & Louise,1991,https://letterboxd.com/film/thelma-louise/
2017-06-23,My Journey Through French Cinema,2016,https://letterboxd.com/film/my-journey-through-french-cinema/
2017-06-23,The Bad Batch,2016,https://letterboxd.com/film/the-bad-batch/
2017-06-23,Road House,1989,https://letterboxd.com/film/road-house/
2017-06-23,Kill Your Idols,2004,https://letterboxd.com/film/kill-your-idols/
2017-06-27,The Institute,2013,https://letterboxd.com/film/the-institute/
2017-06-29,The Reagan Show,2017,https://letterboxd.com/film/the-reagan-show/
2017-06-29,The Battered Bastards of Baseball,2014,https://letterboxd.com/film/the-battered-bastards-of-baseball/
2017-06-30,GLOW: The Story of the Gorgeous Ladies of Wrestling,2012,https://letterboxd.com/film/glow-the-story-of-the-gorgeous-ladies-of-wrestling/
2017-07-08,Death Machine,1994,https://letterboxd.com/film/death-machine/
2017-07-08,Trancers II: The Return of Jack Deth,1991,https://letterboxd.com/film/trancers-ii-the-return-of-jack-deth/
2017-07-09,Wanda,1970,https://letterboxd.com/film/wanda/
2017-07-09,America's Deadliest Home Video,1993,https://letterboxd.com/film/film:223688/
2017-07-09,Beauty Queen Butcher,1991,https://letterboxd.com/film/beauty-queen-butcher/
2017-07-09,One Man Force,1989,https://letterboxd.com/film/one-man-force/
2017-07-12,Vice Squad,1982,https://letterboxd.com/film/vice-squad/
2017-07-12,Dead & Buried,1981,https://letterboxd.com/film/dead-buried/
2017-07-13,Matinee,1993,https://letterboxd.com/film/matinee/
2017-07-13,Logan,2017,https://letterboxd.com/film/logan-2017/
2017-07-14,Salem's Lot,1979,https://letterboxd.com/film/salems-lot/
2017-07-14,Joy of Learning,1969,https://letterboxd.com/film/joy-of-learning/
2017-07-14,1 P.M.,1972,https://letterboxd.com/film/1-pm/
2017-07-14,Sauve la vie (qui peut),1981,https://letterboxd.com/film/sauve-la-vie-qui-peut/
2017-07-14,Every Man for Himself,1980,https://letterboxd.com/film/every-man-for-himself/
2017-07-14,Behind the Mask: The Rise of Leslie Vernon,2006,https://letterboxd.com/film/behind-the-mask-the-rise-of-leslie-vernon/
2017-07-14,The Frighteners,1996,https://letterboxd.com/film/the-frighteners/
2017-07-14,The Adventures of Buckaroo Banzai Across the 8th Dimension,1984,https://letterboxd.com/film/the-adventures-of-buckaroo-banzai-across-the-8th-dimension/
2017-07-15,Don't Torture a Duckling,1972,https://letterboxd.com/film/dont-torture-a-duckling/
2017-07-15,High and Low,1963,https://letterboxd.com/film/high-and-low/
2017-07-15,Andrei Rublev,1966,https://letterboxd.com/film/andrei-rublev/
2017-07-15,The Wages of Fear,1953,https://letterboxd.com/film/the-wages-of-fear/
2017-07-15,Brazil,1985,https://letterboxd.com/film/brazil/
2017-07-15,Yojimbo,1961,https://letterboxd.com/film/yojimbo/
2017-07-15,Orpheus,1950,https://letterboxd.com/film/orpheus/
2017-07-15,"Ivan the Terrible, Part I",1944,https://letterboxd.com/film/ivan-the-terrible-part-i/
2017-07-15,Alexander Nevsky,1938,https://letterboxd.com/film/alexander-nevsky/
2017-07-15,"Ivan the Terrible, Part II: The Boyars' Plot",1958,https://letterboxd.com/film/ivan-the-terrible-part-ii-the-boyars-plot/
2017-07-15,Double Suicide,1969,https://letterboxd.com/film/double-suicide/
2017-07-15,Gertrud,1964,https://letterboxd.com/film/gertrud/
2017-07-15,Carl Th. Dreyer: My Metier,1995,https://letterboxd.com/film/carl-th-dreyer-my-metier/
2017-07-15,Ordet,1955,https://letterboxd.com/film/ordet/
2017-07-15,Häxan,1922,https://letterboxd.com/film/haxan/
2017-07-15,Man Bites Dog,1992,https://letterboxd.com/film/man-bites-dog/
2017-07-15,The Pornographers,1966,https://letterboxd.com/film/the-pornographers/
2017-07-15,Veronika Voss,1982,https://letterboxd.com/film/veronika-voss/
2017-07-15,The Marriage of Maria Braun,1979,https://letterboxd.com/film/the-marriage-of-maria-braun/
2017-07-15,Lola,1981,https://letterboxd.com/film/lola-1981/
2017-07-15,The Honeymoon Killers,1970,https://letterboxd.com/film/the-honeymoon-killers/
2017-07-15,The Rules of the Game,1939,https://letterboxd.com/film/the-rules-of-the-game/
2017-07-15,Le Cercle Rouge,1970,https://letterboxd.com/film/le-cercle-rouge/
2017-07-15,Ikiru,1952,https://letterboxd.com/film/ikiru/
2017-07-15,Scenes from a Marriage,1973,https://letterboxd.com/film/scenes-from-a-marriage/
2017-07-15,Stray Dog,1949,https://letterboxd.com/film/stray-dog/
2017-07-15,Secret Honor,1984,https://letterboxd.com/film/secret-honor/
2017-07-15,Short Cuts,1993,https://letterboxd.com/film/short-cuts/
2017-07-15,Touchez Pas au Grisbi,1954,https://letterboxd.com/film/touchez-pas-au-grisbi/
2017-07-15,Crazed Fruit,1956,https://letterboxd.com/film/crazed-fruit/
2017-07-15,Pickpocket,1959,https://letterboxd.com/film/pickpocket/
2017-07-15,First Man Into Space,1959,https://letterboxd.com/film/first-man-into-space/
2017-07-15,Grip of the Strangler,1958,https://letterboxd.com/film/grip-of-the-strangler/
2017-07-15,Corridors of Blood,1958,https://letterboxd.com/film/corridors-of-blood/
2017-07-15,Vengeance Is Mine,1979,https://letterboxd.com/film/vengeance-is-mine/
2017-07-15,Pitfall,1962,https://letterboxd.com/film/pitfall-1962/
2017-07-15,Woman in the Dunes,1964,https://letterboxd.com/film/woman-in-the-dunes/
2017-07-15,The Face of Another,1966,https://letterboxd.com/film/the-face-of-another/
2017-07-15,Ace in the Hole,1951,https://letterboxd.com/film/ace-in-the-hole/
2017-07-15,Martha Graham: Dance on Film,1957,https://letterboxd.com/film/martha-graham-dance-on-film/
2017-07-15,Walker,1987,https://letterboxd.com/film/walker/
2017-07-15,Antonio Gaudí,1984,https://letterboxd.com/film/antonio-gaudi/
2017-07-15,An Autumn Afternoon,1962,https://letterboxd.com/film/an-autumn-afternoon/
2017-07-15,Pigs and Battleships,1961,https://letterboxd.com/film/pigs-and-battleships/
2017-07-15,Wise Blood,1979,https://letterboxd.com/film/wise-blood/
2017-07-15,The Insect Woman,1963,https://letterboxd.com/film/the-insect-woman/
2017-07-15,Intentions of Murder,1964,https://letterboxd.com/film/intentions-of-murder/
2017-07-15,The Human Condition I: No Greater Love,1959,https://letterboxd.com/film/the-human-condition-i-no-greater-love/
2017-07-15,The Human Condition II: Road to Eternity,1959,https://letterboxd.com/film/the-human-condition-ii-road-to-eternity/
2017-07-15,The Human Condition III: A Soldier's Prayer,1961,https://letterboxd.com/film/the-human-condition-iii-a-soldiers-prayer/
2017-07-15,Made in U.S.A.,1966,https://letterboxd.com/film/made-in-usa/
2017-07-15,Che: Part One,2008,https://letterboxd.com/film/che-part-one/
2017-07-15,Che: Part Two,2008,https://letterboxd.com/film/che-part-two/
2017-07-15,"Rome, Open City",1945,https://letterboxd.com/film/rome-open-city/
2017-07-15,Paisan,1946,https://letterboxd.com/film/paisan/
2017-07-15,Germany Year Zero,1948,https://letterboxd.com/film/germany-year-zero/
2017-07-15,"Paris, Texas",1984,https://letterboxd.com/film/paris-texas/
2017-07-15,Louie Bluie,1985,https://letterboxd.com/film/louie-bluie/
2017-07-15,There Was a Father,1942,https://letterboxd.com/film/there-was-a-father/
2017-07-15,The Only Son,1936,https://letterboxd.com/film/the-only-son/
2017-07-15,The Thin Red Line,1998,https://letterboxd.com/film/the-thin-red-line/
2017-07-15,The Last Picture Show,1971,https://letterboxd.com/film/the-last-picture-show/
2017-07-15,People on Sunday,1930,https://letterboxd.com/film/people-on-sunday/
2017-07-15,Zazie dans le métro,1960,https://letterboxd.com/film/zazie-dans-le-metro/
2017-07-15,"Léon Morin, Priest",1961,https://letterboxd.com/film/leon-morin-priest/
2017-07-15,The Phantom Carriage,1921,https://letterboxd.com/film/the-phantom-carriage/
2017-07-15,Le Beau Serge,1958,https://letterboxd.com/film/le-beau-serge/
2017-07-15,Les Cousins,1959,https://letterboxd.com/film/les-cousins/
2017-07-15,Kuroneko,1968,https://letterboxd.com/film/kuroneko/
2017-07-15,Identification of a Woman,1982,https://letterboxd.com/film/identification-of-a-woman/
2017-07-15,Belle de Jour,1967,https://letterboxd.com/film/belle-de-jour/
2017-07-15,Anatomy of a Murder,1959,https://letterboxd.com/film/anatomy-of-a-murder/
2017-07-15,Summer Interlude,1951,https://letterboxd.com/film/summer-interlude/
2017-07-15,The Game,1997,https://letterboxd.com/film/the-game/
2017-07-15,Heaven's Gate,1980,https://letterboxd.com/film/heavens-gate/
2017-07-15,A Man Escaped,1956,https://letterboxd.com/film/a-man-escaped/
2017-07-15,Safety Last!,1923,https://letterboxd.com/film/safety-last/
2017-07-15,Shoah,1985,https://letterboxd.com/film/shoah/
2017-07-15,The Life of Oharu,1952,https://letterboxd.com/film/the-life-of-oharu/
2017-07-15,La Notte,1961,https://letterboxd.com/film/la-notte/
2017-07-15,I Married a Witch,1942,https://letterboxd.com/film/i-married-a-witch/
2017-07-15,Journey to Italy,1954,https://letterboxd.com/film/journey-to-italy/
2017-07-15,Europe '51,1952,https://letterboxd.com/film/europe-51/
2017-07-15,Stromboli,1950,https://letterboxd.com/film/stromboli/
2017-07-15,City Lights,1931,https://letterboxd.com/film/city-lights/
2017-07-15,Frances Ha,2012,https://letterboxd.com/film/frances-ha/
2017-07-15,Nashville,1975,https://letterboxd.com/film/nashville/
2017-07-15,A Brief History of Time,1991,https://letterboxd.com/film/a-brief-history-of-time/
2017-07-15,Judex,1963,https://letterboxd.com/film/judex-1963/
2017-07-15,Parade,1974,https://letterboxd.com/film/parade/
2017-07-15,La Dolce Vita,1960,https://letterboxd.com/film/la-dolce-vita/
2017-07-15,Always for Pleasure,1978,https://letterboxd.com/film/always-for-pleasure/
2017-07-15,Garlic Is as Good as Ten Mothers,1980,https://letterboxd.com/film/garlic-is-as-good-as-ten-mothers/
2017-07-15,Hot Pepper,1973,https://letterboxd.com/film/hot-pepper/
2017-07-15,Don't Look Now,1973,https://letterboxd.com/film/dont-look-now/
2017-07-15,Watership Down,1978,https://letterboxd.com/film/watership-down/
2017-07-15,Fellini Satyricon,1969,https://letterboxd.com/film/fellini-satyricon/
2017-07-15,Gates of Heaven,1978,https://letterboxd.com/film/gates-of-heaven/
2017-07-15,"Vernon, Florida",1981,https://letterboxd.com/film/vernon-florida/
2017-07-15,The Brood,1979,https://letterboxd.com/film/the-brood/
2017-07-15,Pather Panchali,1955,https://letterboxd.com/film/pather-panchali/
2017-07-15,Aparajito,1956,https://letterboxd.com/film/aparajito/
2017-07-15,The World of Apu,1959,https://letterboxd.com/film/the-world-of-apu/
2017-07-15,Bob Dylan: Dont Look Back,1967,https://letterboxd.com/film/bob-dylan-dont-look-back/
2017-07-15,Bitter Rice,1949,https://letterboxd.com/film/bitter-rice/
2017-07-15,The American Friend,1977,https://letterboxd.com/film/the-american-friend/
2017-07-15,I Knew Her Well,1965,https://letterboxd.com/film/i-knew-her-well/
2017-07-15,Paris Belongs to Us,1961,https://letterboxd.com/film/paris-belongs-to-us/
2017-07-15,The Graduate,1967,https://letterboxd.com/film/the-graduate/
2017-07-15,Primary,1960,https://letterboxd.com/film/primary/
2017-07-15,Cat People,1942,https://letterboxd.com/film/cat-people/
2017-07-15,Valley of the Dolls,1967,https://letterboxd.com/film/valley-of-the-dolls/
2017-07-15,Beyond the Valley of the Dolls,1970,https://letterboxd.com/film/beyond-the-valley-of-the-dolls/
2017-07-15,One-Eyed Jacks,1961,https://letterboxd.com/film/one-eyed-jacks/
2017-07-15,His Girl Friday,1940,https://letterboxd.com/film/his-girl-friday/
2017-07-15,Black Girl,1966,https://letterboxd.com/film/black-girl-1966/
2017-07-15,Women on the Verge of a Nervous Breakdown,1988,https://letterboxd.com/film/women-on-the-verge-of-a-nervous-breakdown/
2017-07-15,Multiple Maniacs,1970,https://letterboxd.com/film/multiple-maniacs/
2017-07-15,Stalker,1979,https://letterboxd.com/film/stalker/
2017-07-15,L'Argent,1983,https://letterboxd.com/film/largent-1983/
2017-07-15,Mondo Trasho,1969,https://letterboxd.com/film/mondo-trasho/
2017-07-15,Kiddie Flamingos,2015,https://letterboxd.com/film/kiddie-flamingos/
2017-07-15,The Sacrifice,1986,https://letterboxd.com/film/the-sacrifice/
2017-07-15,From the Life of the Marionettes,1980,https://letterboxd.com/film/from-the-life-of-the-marionettes/
2017-07-15,Killer's Kiss,1955,https://letterboxd.com/film/killers-kiss/
2017-07-15,Fear and Desire,1953,https://letterboxd.com/film/fear-and-desire/
2017-07-15,Spartacus,1960,https://letterboxd.com/film/spartacus/
2017-07-15,Jason Goes to Hell: The Final Friday,1993,https://letterboxd.com/film/jason-goes-to-hell-the-final-friday/
2017-07-15,Freddy's Dead: The Final Nightmare,1991,https://letterboxd.com/film/freddys-dead-the-final-nightmare/
2017-07-15,Tank Girl,1995,https://letterboxd.com/film/tank-girl/
2017-07-15,976-Evil II,1991,https://letterboxd.com/film/976-evil-ii/
2017-07-15,The Old Dark House,1932,https://letterboxd.com/film/the-old-dark-house/
2017-07-15,"The World, the Flesh and the Devil",1959,https://letterboxd.com/film/the-world-the-flesh-and-the-devil/
2017-07-15,Helter Skelter,1976,https://letterboxd.com/film/helter-skelter/
2017-07-15,The Oblong Box,1969,https://letterboxd.com/film/the-oblong-box/
2017-07-15,The House That Dripped Blood,1971,https://letterboxd.com/film/the-house-that-dripped-blood/
2017-07-15,Bad Taste,1987,https://letterboxd.com/film/bad-taste/
2017-07-15,Don't Be Afraid of the Dark,1973,https://letterboxd.com/film/dont-be-afraid-of-the-dark/
2017-07-15,Bone Tomahawk,2015,https://letterboxd.com/film/bone-tomahawk/
2017-07-15,The Searchers,1956,https://letterboxd.com/film/the-searchers/
2017-07-15,Queen of the Damned,2002,https://letterboxd.com/film/queen-of-the-damned/
2017-07-15,Heavy Metal Massacre,1989,https://letterboxd.com/film/heavy-metal-massacre/
2017-07-15,Death Run,1987,https://letterboxd.com/film/death-run/
2017-07-16,Tabloid,2010,https://letterboxd.com/film/tabloid/
2017-07-16,Desert in Your Mind,2017,https://letterboxd.com/film/desert-in-your-mind/
2017-07-16,The Scout,1994,https://letterboxd.com/film/the-scout/
2017-07-16,With Honors,1994,https://letterboxd.com/film/with-honors/
2017-07-16,Nurse Sherri,1978,https://letterboxd.com/film/nurse-sherri/
2017-07-16,The Warriors,1979,https://letterboxd.com/film/the-warriors/
2017-07-16,Maudie,2016,https://letterboxd.com/film/maudie/
2017-07-18,Maniac Cop,1988,https://letterboxd.com/film/maniac-cop/
2017-07-18,Death Sentence,2007,https://letterboxd.com/film/death-sentence-2007/
2017-07-18,The Super,1991,https://letterboxd.com/film/the-super/
2017-07-19,The Autopsy of Jane Doe,2016,https://letterboxd.com/film/the-autopsy-of-jane-doe/
2017-07-21,"Silent Night, Deadly Night III: Better Watch Out!",1989,https://letterboxd.com/film/silent-night-deadly-night-iii-better-watch-out/
2017-07-21,Prayers for Bobby,2009,https://letterboxd.com/film/prayers-for-bobby/
2017-07-22,Martin,1978,https://letterboxd.com/film/martin/
2017-07-22,Season of the Witch,1972,https://letterboxd.com/film/season-of-the-witch-1972/
2017-07-22,Land of the Dead,2005,https://letterboxd.com/film/land-of-the-dead/
2017-07-22,The Crazies,1973,https://letterboxd.com/film/the-crazies/
2017-07-22,Mildred Pierce,2011,https://letterboxd.com/film/mildred-pierce-2011/
2017-07-22,Shock Treatment,1981,https://letterboxd.com/film/shock-treatment/
2017-07-28,The Lost Boys,1987,https://letterboxd.com/film/the-lost-boys/
2017-07-28,Children Shouldn't Play with Dead Things,1972,https://letterboxd.com/film/children-shouldnt-play-with-dead-things/
2017-07-28,One Dark Night,1983,https://letterboxd.com/film/one-dark-night/
2017-07-28,Two Evil Eyes,1990,https://letterboxd.com/film/two-evil-eyes/
2017-07-28,The Beyond,1981,https://letterboxd.com/film/the-beyond/
2017-07-29,I Eat Your Skin,1971,https://letterboxd.com/film/i-eat-your-skin/
2017-07-29,Horror Express,1972,https://letterboxd.com/film/horror-express/
2017-07-29,Circus of Fear,1966,https://letterboxd.com/film/circus-of-fear/
2017-07-29,The Hills Have Eyes Part II,1984,https://letterboxd.com/film/the-hills-have-eyes-part-ii/
2017-07-29,Burial Ground,1981,https://letterboxd.com/film/burial-ground/
2017-07-29,The Children,1980,https://letterboxd.com/film/the-children-1980/
2017-07-29,Psychomania,1973,https://letterboxd.com/film/psychomania/
2017-07-29,Dead of Night,1974,https://letterboxd.com/film/deathdream/
2017-07-29,Shock Waves,1977,https://letterboxd.com/film/shock-waves/
2017-07-29,Piranha,1978,https://letterboxd.com/film/piranha/
2017-07-29,Planet of the Apes,1968,https://letterboxd.com/film/planet-of-the-apes/
2017-07-29,Beneath the Planet of the Apes,1970,https://letterboxd.com/film/beneath-the-planet-of-the-apes/
2017-07-29,Escape from the Planet of the Apes,1971,https://letterboxd.com/film/escape-from-the-planet-of-the-apes/
2017-07-29,Conquest of the Planet of the Apes,1972,https://letterboxd.com/film/conquest-of-the-planet-of-the-apes/
2017-07-29,Battle for the Planet of the Apes,1973,https://letterboxd.com/film/battle-for-the-planet-of-the-apes/
2017-07-29,Devil Girl from Mars,1954,https://letterboxd.com/film/devil-girl-from-mars/
2017-07-29,Trog,1970,https://letterboxd.com/film/trog/
2017-08-07,Effects,1980,https://letterboxd.com/film/effects/
2017-08-08,"Elvira, Mistress of the Dark",1988,https://letterboxd.com/film/elvira-mistress-of-the-dark/
2017-08-09,The Wolf Man,1941,https://letterboxd.com/film/the-wolf-man-1941/
2017-08-09,The Mummy,1932,https://letterboxd.com/film/the-mummy/
2017-08-09,The Invisible Man,1933,https://letterboxd.com/film/the-invisible-man/
2017-08-09,Klute,1971,https://letterboxd.com/film/klute/
2017-08-09,"They Shoot Horses, Don't They?",1969,https://letterboxd.com/film/they-shoot-horses-dont-they/
2017-08-13,Nocturama,2016,https://letterboxd.com/film/nocturama/
2017-08-15,8½,1963,https://letterboxd.com/film/8-half/
2017-08-19,Kidnapped,1987,https://letterboxd.com/film/kidnapped-1987/
2017-08-19,Graveyard Shift,1987,https://letterboxd.com/film/graveyard-shift-1987/
2017-08-19,Cassandra,1986,https://letterboxd.com/film/cassandra/
2017-08-19,I Am Here....Now,2009,https://letterboxd.com/film/i-am-herenow/
2017-08-24,The Station Agent,2003,https://letterboxd.com/film/the-station-agent/
2017-08-27,Blind Fury,1989,https://letterboxd.com/film/blind-fury/
2017-08-30,Brick,2005,https://letterboxd.com/film/brick/
2017-08-30,Prisoners,2013,https://letterboxd.com/film/prisoners/
2017-08-30,Demolition,2015,https://letterboxd.com/film/demolition/
2017-08-30,Biohazard,1985,https://letterboxd.com/film/biohazard/
2017-08-31,Cujo,1983,https://letterboxd.com/film/cujo/
2017-08-31,The House of the Devil,2009,https://letterboxd.com/film/the-house-of-the-devil/
2017-08-31,The Howling,1981,https://letterboxd.com/film/the-howling/
2017-08-31,Popcorn,1991,https://letterboxd.com/film/popcorn/
2017-08-31,Red Christmas,2016,https://letterboxd.com/film/red-christmas/
2017-08-31,Downsizing,2017,https://letterboxd.com/film/downsizing/
2017-09-01,Woodshock,2017,https://letterboxd.com/film/woodshock-2017/
2017-09-01,The Spectacular Now,2013,https://letterboxd.com/film/the-spectacular-now/
2017-09-01,A Ghost Story,2017,https://letterboxd.com/film/a-ghost-story-2017/
2017-09-01,The Monster,2016,https://letterboxd.com/film/the-monster-2016/
2017-09-01,Swiss Army Man,2016,https://letterboxd.com/film/swiss-army-man/
2017-09-01,The End of the Tour,2015,https://letterboxd.com/film/the-end-of-the-tour/
2017-09-01,Amy,2015,https://letterboxd.com/film/amy-2015/
2017-09-01,Lucky,2017,https://letterboxd.com/film/lucky-2017/
2017-09-03,Inferno,1980,https://letterboxd.com/film/inferno-1980/
2017-09-05,The Haunting of Hell House,1999,https://letterboxd.com/film/the-haunting-of-hell-house/
2017-09-06,Hatchet for the Honeymoon,1970,https://letterboxd.com/film/hatchet-for-the-honeymoon/
2017-09-06,Baron Blood,1972,https://letterboxd.com/film/baron-blood/
2017-09-06,"Kill Baby, Kill",1966,https://letterboxd.com/film/kill-baby-kill/
2017-09-06,The Girl Who Knew Too Much,1963,https://letterboxd.com/film/the-girl-who-knew-too-much/
2017-09-06,Les Hautes Solitudes,1974,https://letterboxd.com/film/les-hautes-solitudes/
2017-09-09,Cradle 2 the Grave,2003,https://letterboxd.com/film/cradle-2-the-grave/
2017-09-09,Exit Wounds,2001,https://letterboxd.com/film/exit-wounds/
2017-09-12,Lake Mungo,2008,https://letterboxd.com/film/lake-mungo/
2017-09-13,Miracle Mile,1988,https://letterboxd.com/film/miracle-mile/
2017-09-14,Bloody Wednesday,1987,https://letterboxd.com/film/bloody-wednesday/
2017-09-21,General Idi Amin Dada,1974,https://letterboxd.com/film/general-idi-amin-dada/
2017-09-22,Vanishing Point,1971,https://letterboxd.com/film/vanishing-point/
2017-10-07,The Kentucky Fried Movie,1977,https://letterboxd.com/film/the-kentucky-fried-movie/
2017-10-07,Warning Sign,1985,https://letterboxd.com/film/warning-sign/
2017-10-08,Baghead,2008,https://letterboxd.com/film/baghead/
2017-10-09,Shelley,2016,https://letterboxd.com/film/shelley/
2017-10-10,Carol,2015,https://letterboxd.com/film/carol-2015/
2017-10-14,Nightmare,1981,https://letterboxd.com/film/nightmare-1981/
2017-10-15,Necronomicon,1993,https://letterboxd.com/film/necronomicon/
2017-10-15,Day of the Outlaw,1959,https://letterboxd.com/film/day-of-the-outlaw/
2017-10-16,Student Bodies,1981,https://letterboxd.com/film/student-bodies/
2017-10-17,Get My Gun,2017,https://letterboxd.com/film/get-my-gun/
2017-10-17,Veronica,2017,https://letterboxd.com/film/veronica-2017-1/
2017-10-17,Cold Hell,2017,https://letterboxd.com/film/cold-hell-2017/
2017-10-17,The Forest of the Lost Souls,2017,https://letterboxd.com/film/the-forest-of-the-lost-souls/
2017-10-17,México Bárbaro II,2017,https://letterboxd.com/film/mexico-barbaro-ii/
2017-10-17,976-EVIL,1988,https://letterboxd.com/film/976-evil/
2017-10-17,Rabbit Hole,2010,https://letterboxd.com/film/rabbit-hole/
2017-10-24,Insidious: The Last Key,2018,https://letterboxd.com/film/insidious-the-last-key/
2017-10-24,Insidious: Chapter 3,2015,https://letterboxd.com/film/insidious-chapter-3/
2017-10-24,Insidious: Chapter 2,2013,https://letterboxd.com/film/insidious-chapter-2/
2017-10-24,Insidious,2010,https://letterboxd.com/film/insidious/
2017-10-25,V/H/S/2,2013,https://letterboxd.com/film/v-h-s-2/
2017-10-25,The Uninvited,1944,https://letterboxd.com/film/the-uninvited/
2017-10-25,The Hunger,1983,https://letterboxd.com/film/the-hunger/
2017-10-25,The House on Sorority Row,1983,https://letterboxd.com/film/the-house-on-sorority-row/
2017-10-29,Queen of Blood,1966,https://letterboxd.com/film/queen-of-blood/
2017-10-31,Chung Kuo: China,1972,https://letterboxd.com/film/chung-kuo-china/
2017-11-05,Rabid Grannies,1988,https://letterboxd.com/film/rabid-grannies/
2017-12-02,Wormwood,2017,https://letterboxd.com/film/wormwood/
2017-12-02,The Ballad of Lefty Brown,2017,https://letterboxd.com/film/the-ballad-of-lefty-brown/
2017-12-02,Dead Man's Burden,2012,https://letterboxd.com/film/dead-mans-burden/
2017-12-02,All the Money in the World,2017,https://letterboxd.com/film/all-the-money-in-the-world/
2017-12-02,Happy End,2017,https://letterboxd.com/film/happy-end-2017/
2017-12-12,Bloodletting,1997,https://letterboxd.com/film/bloodletting/
2017-12-12,Feeders,1996,https://letterboxd.com/film/feeders/
2017-12-12,Feeders 2: Slay Bells,1998,https://letterboxd.com/film/feeders-2-slay-bells/
2017-12-13,The Lodgers,2017,https://letterboxd.com/film/the-lodgers/
2017-12-19,Dr. Terror's House of Horrors,1965,https://letterboxd.com/film/dr-terrors-house-of-horrors/
2017-12-20,Lace Crater,2015,https://letterboxd.com/film/lace-crater/
2017-12-20,Fascination,1979,https://letterboxd.com/film/fascination-1979/
2017-12-22,Crumbs,2015,https://letterboxd.com/film/crumbs/
2017-12-25,"Lost, Lost, Lost",1976,https://letterboxd.com/film/lost-lost-lost/
2018-01-11,Ingrid Goes West,2017,https://letterboxd.com/film/ingrid-goes-west/
2018-01-11,Mansfield 66/67,2017,https://letterboxd.com/film/mansfield-66-67/
2018-01-13,The Hours,2002,https://letterboxd.com/film/the-hours/
2018-01-13,The Right Stuff,1983,https://letterboxd.com/film/the-right-stuff/
2018-01-13,Nixon,1995,https://letterboxd.com/film/nixon/
2018-01-13,Jacknife,1989,https://letterboxd.com/film/jacknife/
2018-01-13,Code Name: Emerald,1985,https://letterboxd.com/film/code-name-emerald/
2018-01-16,Donald Cried,2016,https://letterboxd.com/film/donald-cried/
2018-01-17,Napoleon Dynamite,2004,https://letterboxd.com/film/napoleon-dynamite/
2018-01-17,Unrest,2017,https://letterboxd.com/film/unrest-2017/
2018-01-26,The Foreigner,2017,https://letterboxd.com/film/the-foreigner-2017/
2018-01-30,The Vanishing of Sidney Hall,2017,https://letterboxd.com/film/the-vanishing-of-sidney-hall/
2018-02-02,Crossroads,1976,https://letterboxd.com/film/crossroads-1976/
2018-02-02,A Fantastic Woman,2017,https://letterboxd.com/film/a-fantastic-woman/
2018-02-07,Stage Struck,1925,https://letterboxd.com/film/stage-struck-1925/
2018-02-10,Space Cowboys,2000,https://letterboxd.com/film/space-cowboys/
2018-02-19,The Ritual,2017,https://letterboxd.com/film/the-ritual-2017/
2018-02-19,Lords of Chaos,2018,https://letterboxd.com/film/lords-of-chaos/
2018-02-19,The Cruise,1998,https://letterboxd.com/film/the-cruise/
2018-02-21,The Hero,1966,https://letterboxd.com/film/the-hero-1966/
2018-02-23,As I Was Moving Ahead Occasionally I Saw Brief Glimpses of Beauty,2000,https://letterboxd.com/film/as-i-was-moving-ahead-occasionally-i-saw-brief-glimpses-of-beauty/
2018-03-02,Shut In,2016,https://letterboxd.com/film/shut-in/
2018-03-03,Grimsby,2016,https://letterboxd.com/film/grimsby/
2018-03-03,Welcome to Me,2014,https://letterboxd.com/film/welcome-to-me/
2018-03-03,Boulevard,2014,https://letterboxd.com/film/boulevard-2014/
2018-03-08,Ratcatcher,1999,https://letterboxd.com/film/ratcatcher/
2018-03-08,We Need to Talk About Kevin,2011,https://letterboxd.com/film/we-need-to-talk-about-kevin/
2018-03-10,Out of the Blue,1980,https://letterboxd.com/film/out-of-the-blue/
2018-03-15,Bad Samaritan,2018,https://letterboxd.com/film/bad-samaritan/
2018-03-15,Slender Man,2018,https://letterboxd.com/film/slender-man/
2018-03-15,Red Sparrow,2018,https://letterboxd.com/film/red-sparrow/
2018-03-16,Carnage Park,2016,https://letterboxd.com/film/carnage-park/
2018-03-16,Mystère à la Tour Eiffel,2015,https://letterboxd.com/film/mystere-a-la-tour-eiffel/
2018-03-18,Eighth Grade,2018,https://letterboxd.com/film/eighth-grade/
2018-03-18,Locke,2013,https://letterboxd.com/film/locke/
2018-03-18,Eat Me,2018,https://letterboxd.com/film/eat-me-2018/
2018-03-18,Marrowbone,2017,https://letterboxd.com/film/marrowbone/
2018-03-18,Bronson,2008,https://letterboxd.com/film/bronson/
2018-03-18,Blue Ruin,2013,https://letterboxd.com/film/blue-ruin/
2018-03-26,Requiem,2006,https://letterboxd.com/film/requiem-2006/
2018-03-29,Outside In,2017,https://letterboxd.com/film/outside-in-2017/
2018-04-01,Loveless,2017,https://letterboxd.com/film/loveless-2017/
2018-04-04,City of Gold,1957,https://letterboxd.com/film/city-of-gold-1957/
2018-04-05,Chappaquiddick,2017,https://letterboxd.com/film/chappaquiddick/
2018-04-10,Between Eleven and Midnight,1949,https://letterboxd.com/film/between-eleven-and-midnight/
2018-04-15,Kissed,1996,https://letterboxd.com/film/kissed/
2018-04-17,Low Blow,1986,https://letterboxd.com/film/low-blow/
2018-04-17,Blood Street,1988,https://letterboxd.com/film/blood-street/
2018-04-17,Faust,1994,https://letterboxd.com/film/faust/
2018-04-17,Killpoint,1984,https://letterboxd.com/film/killpoint/
2018-04-17,Partners,2009,https://letterboxd.com/film/partners-2009/
2018-04-17,C Street,2016,https://letterboxd.com/film/c-street/
2018-04-17,Cassanova Was a Woman,2016,https://letterboxd.com/film/cassanova-was-a-woman/
2018-04-22,The Third Part of the Night,1971,https://letterboxd.com/film/the-third-part-of-the-night/
2018-05-23,The Reef,2010,https://letterboxd.com/film/the-reef/
2018-05-28,Idaho Transfer,1973,https://letterboxd.com/film/idaho-transfer/
2018-05-28,Strictly Sacred: The Story of Girl Trouble,2014,https://letterboxd.com/film/strictly-sacred-the-story-of-girl-trouble/
2018-05-28,Antropophagus,1980,https://letterboxd.com/film/antropophagus/
2018-05-29,Westworld,1973,https://letterboxd.com/film/westworld/
2018-05-29,Futureworld,1976,https://letterboxd.com/film/futureworld/
2018-06-03,Wake in Fright,1971,https://letterboxd.com/film/wake-in-fright/
2018-06-03,Liquid Sky,1982,https://letterboxd.com/film/liquid-sky/
2018-06-04,Victim,1961,https://letterboxd.com/film/victim/
2018-06-04,Witch's Cradle,1944,https://letterboxd.com/film/witchs-cradle/
2018-06-04,The Painted Veil,1934,https://letterboxd.com/film/the-painted-veil-1934-1/
2018-06-12,Tales from the Darkside: The Movie,1990,https://letterboxd.com/film/tales-from-the-darkside-the-movie/
2018-06-12,Trick 'r Treat,2007,https://letterboxd.com/film/trick-r-treat/
2018-06-12,Tales from the Hood,1995,https://letterboxd.com/film/tales-from-the-hood/
2018-06-12,Songs My Brothers Taught Me,2015,https://letterboxd.com/film/songs-my-brothers-taught-me/
2018-06-13,Blood Diner,1987,https://letterboxd.com/film/blood-diner/
2018-06-13,The Endless,2017,https://letterboxd.com/film/the-endless/
2018-06-16,Smithereens,1982,https://letterboxd.com/film/smithereens/
2018-06-16,The Insider,1999,https://letterboxd.com/film/the-insider/
2018-06-17,Innocent Blood,1992,https://letterboxd.com/film/innocent-blood/
2018-06-18,Cure,1997,https://letterboxd.com/film/cure/
2018-06-23,Chicago,2002,https://letterboxd.com/film/chicago/
2018-06-23,Come Drink with Me,1966,https://letterboxd.com/film/come-drink-with-me/
2018-06-24,Evolution,2015,https://letterboxd.com/film/evolution-2015/
2018-06-24,Freddy Got Fingered,2001,https://letterboxd.com/film/freddy-got-fingered/
2018-06-27,Lowlife,2017,https://letterboxd.com/film/lowlife-2017/
2018-06-29,Revenge,2017,https://letterboxd.com/film/revenge-2017-1/
2018-07-01,Enemy,2013,https://letterboxd.com/film/enemy/
2018-07-02,The Last Broadcast,1998,https://letterboxd.com/film/the-last-broadcast/
2018-07-02,Monsters,2010,https://letterboxd.com/film/monsters/
2018-07-02,Godzilla,2014,https://letterboxd.com/film/godzilla-2014/
2018-07-02,Ghostland,2018,https://letterboxd.com/film/ghostland/
2018-07-03,Memories of Underdevelopment,1968,https://letterboxd.com/film/memories-of-underdevelopment/
2018-07-03,At the Drive-In,,https://letterboxd.com/film/at-the-drive-in/
2018-07-03,The Bunny Game,2010,https://letterboxd.com/film/the-bunny-game/
2018-07-03,Satan's Slaves,2017,https://letterboxd.com/film/satans-slaves/
2018-07-03,The Captain,2017,https://letterboxd.com/film/the-captain-2017/
2018-07-03,Born in Flames,1983,https://letterboxd.com/film/born-in-flames/
2018-07-03,Shock Corridor,1963,https://letterboxd.com/film/shock-corridor/
2018-07-03,Eden Lake,2008,https://letterboxd.com/film/eden-lake/
2018-07-05,Serenity,2019,https://letterboxd.com/film/serenity-2019/
2018-07-08,Run Lola Run,1998,https://letterboxd.com/film/run-lola-run/
2018-07-09,Hollywood Boulevard,1976,https://letterboxd.com/film/hollywood-boulevard/
2018-07-13,The Masque of the Red Death,1964,https://letterboxd.com/film/the-masque-of-the-red-death/
2018-07-16,Devil's Gate,2017,https://letterboxd.com/film/devils-gate-2017/
2018-07-16,The Sentinel,1977,https://letterboxd.com/film/the-sentinel/
2018-07-16,A Face in the Crowd,1957,https://letterboxd.com/film/a-face-in-the-crowd/
2018-07-18,The Addiction,1995,https://letterboxd.com/film/the-addiction/
2018-07-19,Chronicle of a Summer,1961,https://letterboxd.com/film/chronicle-of-a-summer/
2018-07-19,"Moi, un Noir",1958,https://letterboxd.com/film/moi-un-noir/
2018-07-19,Willow Creek,2013,https://letterboxd.com/film/willow-creek/
2018-07-20,Waxwork,1988,https://letterboxd.com/film/waxwork/
2018-07-23,Sierra Burgess Is a Loser,2018,https://letterboxd.com/film/sierra-burgess-is-a-loser/
2018-07-28,Ghost Story,1981,https://letterboxd.com/film/ghost-story/
2018-07-28,13 Ghosts,1960,https://letterboxd.com/film/13-ghosts/
2018-07-28,The Wraith,1986,https://letterboxd.com/film/the-wraith/
2018-07-29,Good Girls Don't,1993,https://letterboxd.com/film/good-girls-dont/
2018-07-29,The Psychopath,1966,https://letterboxd.com/film/the-psychopath/
2018-07-29,Private Parts,1972,https://letterboxd.com/film/private-parts/
2018-07-29,The Mutations,1974,https://letterboxd.com/film/the-mutations/
2018-07-31,Let Me Die a Woman,1977,https://letterboxd.com/film/let-me-die-a-woman/
2018-08-01,Shocking Dark,1989,https://letterboxd.com/film/shocking-dark/
2018-08-01,Tentacles,1977,https://letterboxd.com/film/tentacles/
2018-08-02,The Break-Up,2006,https://letterboxd.com/film/the-break-up/
2018-08-02,Swingers,1996,https://letterboxd.com/film/swingers/
2018-08-02,The Cell,2000,https://letterboxd.com/film/the-cell/
2018-08-02,Mortuary,1983,https://letterboxd.com/film/mortuary-1983/
2018-08-02,Extraterrestrial Visitors,1983,https://letterboxd.com/film/extraterrestrial-visitors/
2018-08-05,The Phoenix Incident,2015,https://letterboxd.com/film/the-phoenix-incident/
2018-08-05,Trash Fire,2016,https://letterboxd.com/film/trash-fire/
2018-08-05,The Night of the Virgin,2016,https://letterboxd.com/film/the-night-of-the-virgin/
2018-08-05,Ghosthouse,1988,https://letterboxd.com/film/ghosthouse/
2018-08-06,Hit So Hard,2012,https://letterboxd.com/film/hit-so-hard/
2018-08-06,BlacKkKlansman,2018,https://letterboxd.com/film/blackkklansman/
2018-08-07,The Hitch-Hiker,1953,https://letterboxd.com/film/the-hitch-hiker/
2018-08-07,Lake Nowhere,2014,https://letterboxd.com/film/lake-nowhere/
2018-08-07,Dark Skies,2013,https://letterboxd.com/film/dark-skies-2013/
2018-08-08,The Antichrist,1974,https://letterboxd.com/film/the-antichrist/
2018-08-09,Mystery of the Wax Museum,1933,https://letterboxd.com/film/mystery-of-the-wax-museum/
2018-08-09,The Body Snatcher,1945,https://letterboxd.com/film/the-body-snatcher/
2018-08-09,The Quatermass Xperiment,1955,https://letterboxd.com/film/the-quatermass-xperiment/
2018-08-09,The Curse of Frankenstein,1957,https://letterboxd.com/film/the-curse-of-frankenstein/
2018-08-09,Night of the Demon,1957,https://letterboxd.com/film/night-of-the-demon/
2018-08-09,Dead of Night,1945,https://letterboxd.com/film/dead-of-night/
2018-08-09,The Vault of Horror,1973,https://letterboxd.com/film/the-vault-of-horror/
2018-08-09,From Beyond the Grave,1974,https://letterboxd.com/film/from-beyond-the-grave/
2018-08-09,Dr Jekyll & Sister Hyde,1971,https://letterboxd.com/film/dr-jekyll-sister-hyde/
2018-08-09,Witchfinder General,1968,https://letterboxd.com/film/witchfinder-general/
2018-08-09,The Wicker Man,2006,https://letterboxd.com/film/the-wicker-man-2006/
2018-08-09,The Blood on Satan's Claw,1971,https://letterboxd.com/film/the-blood-on-satans-claw/
2018-08-10,The Emperor's New Groove,2000,https://letterboxd.com/film/the-emperors-new-groove/
2018-08-11,Skate Kitchen,2018,https://letterboxd.com/film/skate-kitchen/
2018-08-11,Summer School,1987,https://letterboxd.com/film/summer-school/
2018-08-11,Take It Out In Trade,1970,https://letterboxd.com/film/take-it-out-in-trade/
2018-08-12,The Source Family,2011,https://letterboxd.com/film/the-source-family/
2018-08-12,Sex Drive,2008,https://letterboxd.com/film/sex-drive/
2018-08-12,Kabluey,2007,https://letterboxd.com/film/kabluey/
2018-08-13,The New Land,1972,https://letterboxd.com/film/the-new-land/
2018-08-13,The Emigrants,1971,https://letterboxd.com/film/the-emigrants/
2018-08-15,A Boy and His Dog,1975,https://letterboxd.com/film/a-boy-and-his-dog/
2018-08-15,The Legend of Lylah Clare,1968,https://letterboxd.com/film/the-legend-of-lylah-clare/
2018-08-17,Beyond the Darkness,1979,https://letterboxd.com/film/beyond-the-darkness/
2018-08-18,A Night to Dismember,1983,https://letterboxd.com/film/a-night-to-dismember/
2018-08-18,Nude on the Moon,1961,https://letterboxd.com/film/nude-on-the-moon/
2018-08-20,Something to Think About,1920,https://letterboxd.com/film/something-to-think-about/
2018-08-20,The Red Kimona,1925,https://letterboxd.com/film/the-red-kimona/
2018-08-20,I'm No Angel,1933,https://letterboxd.com/film/im-no-angel/
2018-08-21,Call Me Lucky,2015,https://letterboxd.com/film/call-me-lucky/
2018-08-22,Cruising,1980,https://letterboxd.com/film/cruising/
2018-08-22,Is There Life Out There?,1994,https://letterboxd.com/film/is-there-life-out-there/
2018-08-22,Destroyer,2018,https://letterboxd.com/film/destroyer-2018/
2018-08-23,Night of the Ghouls,1984,https://letterboxd.com/film/night-of-the-ghouls/
2018-08-23,Triangle,2009,https://letterboxd.com/film/triangle-2009/
2018-08-30,The Kindergarten Teacher,2018,https://letterboxd.com/film/the-kindergarten-teacher-2018/
2018-08-31,Daddy's Deadly Darling,1972,https://letterboxd.com/film/daddys-deadly-darling/
2018-08-31,My Young Auntie,1981,https://letterboxd.com/film/my-young-auntie/
2018-08-31,A Page of Madness,1926,https://letterboxd.com/film/a-page-of-madness/
2018-09-04,A Chinese Ghost Story,1987,https://letterboxd.com/film/a-chinese-ghost-story/
2018-09-04,Terror Nullius,2018,https://letterboxd.com/film/terror-nullius/
2018-09-05,The Woman Who Left,2016,https://letterboxd.com/film/the-woman-who-left/
2018-09-05,Lady Macbeth,2016,https://letterboxd.com/film/lady-macbeth/
2018-09-05,"Norte, the End of History",2013,https://letterboxd.com/film/norte-the-end-of-history/
2018-09-05,Person to Person,2017,https://letterboxd.com/film/person-to-person-2017/
2018-09-08,The Boogens,1981,https://letterboxd.com/film/the-boogens/
2018-09-09,Virgin Witch,1972,https://letterboxd.com/film/virgin-witch/
2018-09-09,The Last Movie,1971,https://letterboxd.com/film/the-last-movie/
2018-09-09,Scary Stories,2018,https://letterboxd.com/film/scary-stories/
2018-09-11,"The Cook, the Thief, His Wife & Her Lover",1989,https://letterboxd.com/film/the-cook-the-thief-his-wife-her-lover/
2018-09-11,Ganja & Hess,1973,https://letterboxd.com/film/ganja-hess/
2018-09-12,First Man,2018,https://letterboxd.com/film/first-man/
2018-09-12,High Life,2018,https://letterboxd.com/film/high-life-2018/
2018-09-14,Seventh Moon,2008,https://letterboxd.com/film/seventh-moon/
2018-09-15,The Wind,2018,https://letterboxd.com/film/the-wind-2018/
2018-09-16,The Great Ecstasy of Robert Carmichael,2005,https://letterboxd.com/film/the-great-ecstasy-of-robert-carmichael/
2018-09-16,Meet the Feebles,1989,https://letterboxd.com/film/meet-the-feebles/
2018-09-16,Fitzcarraldo,1982,https://letterboxd.com/film/fitzcarraldo/
2018-09-16,"My Teacher, My Obsession",2018,https://letterboxd.com/film/my-teacher-my-obsession/
2018-09-17,Beyond the Black Rainbow,2010,https://letterboxd.com/film/beyond-the-black-rainbow/
2018-09-20,Two Years at Sea,2011,https://letterboxd.com/film/two-years-at-sea/
2018-09-20,The Uncanny,1977,https://letterboxd.com/film/the-uncanny/
2018-09-24,In Fabric,2018,https://letterboxd.com/film/in-fabric/
2018-09-24,The Ninth Configuration,1980,https://letterboxd.com/film/the-ninth-configuration/
2018-09-27,The Comeback,1978,https://letterboxd.com/film/the-comeback-1978/
2018-09-28,"Wait Till the Sun Shines, Nellie",1952,https://letterboxd.com/film/wait-till-the-sun-shines-nellie-1952/
2018-10-01,FearDotCom,2002,https://letterboxd.com/film/feardotcom/
2018-10-01,Myra Breckinridge,1970,https://letterboxd.com/film/myra-breckinridge/
2018-10-03,Cannibal Ferox,1981,https://letterboxd.com/film/cannibal-ferox/
2018-10-05,Going to Pieces: The Rise and Fall of the Slasher Film,2006,https://letterboxd.com/film/going-to-pieces-the-rise-and-fall-of-the-slasher-film/
2018-10-05,Roadgames,1981,https://letterboxd.com/film/roadgames/
2018-10-05,A Knife for the Ladies,1974,https://letterboxd.com/film/a-knife-for-the-ladies/
2018-10-06,Dead End,1937,https://letterboxd.com/film/dead-end/
2018-10-11,Another Earth,2011,https://letterboxd.com/film/another-earth/
2018-10-11,Thunder Road,2018,https://letterboxd.com/film/thunder-road-2018/
2018-10-11,The Perfect Soulmate,2017,https://letterboxd.com/film/the-perfect-soulmate/
2018-10-12,Hold the Dark,2018,https://letterboxd.com/film/hold-the-dark/
2018-10-13,The City of the Dead,1960,https://letterboxd.com/film/the-city-of-the-dead/
2018-10-14,Free Solo,2018,https://letterboxd.com/film/free-solo/
2018-10-14,Eyeball,1975,https://letterboxd.com/film/film:24489/
2018-10-14,Luz,2018,https://letterboxd.com/film/luz-2018/
2018-10-15,Intruder,1989,https://letterboxd.com/film/intruder/
2018-10-23,Snowtown,2011,https://letterboxd.com/film/snowtown/
2018-10-24,Don't Deliver Us from Evil,1971,https://letterboxd.com/film/dont-deliver-us-from-evil/
2018-10-25,Demons,1971,https://letterboxd.com/film/demons-1971/
2018-10-25,Atman,1975,https://letterboxd.com/film/atman/
2018-10-30,Garry Winogrand: All Things Are Photographable,2018,https://letterboxd.com/film/garry-winogrand-all-things-are-photographable/
2018-11-03,The Raid,2011,https://letterboxd.com/film/the-raid-2011/
2018-11-03,Alone in the Dark,1982,https://letterboxd.com/film/alone-in-the-dark/
2018-11-05,May the Devil Take You,2018,https://letterboxd.com/film/may-the-devil-take-you/
2018-11-07,Chained for Life,2018,https://letterboxd.com/film/chained-for-life-2018/
2018-11-07,The Other Side of the Wind,2018,https://letterboxd.com/film/the-other-side-of-the-wind/
2018-11-13,Ghosts Can't Do It,1989,https://letterboxd.com/film/ghosts-cant-do-it/
2018-11-14,Amer,2009,https://letterboxd.com/film/amer/
2018-11-14,The House with Laughing Windows,1976,https://letterboxd.com/film/the-house-with-laughing-windows/
2018-11-14,Death Laid an Egg,1968,https://letterboxd.com/film/death-laid-an-egg/
2018-11-16,Next of Kin,1989,https://letterboxd.com/film/next-of-kin/
2018-11-16,Remo Williams: The Adventure Begins,1985,https://letterboxd.com/film/remo-williams-the-adventure-begins/
2018-11-17,Marathon Man,1976,https://letterboxd.com/film/marathon-man/
2018-11-21,Overlord,2018,https://letterboxd.com/film/overlord-2018/
2018-11-21,Out of the Dark,1988,https://letterboxd.com/film/out-of-the-dark/
2018-11-21,All the Colors of the Dark,1972,https://letterboxd.com/film/all-the-colors-of-the-dark/
2018-11-22,Entrails of a Beautiful Woman,1986,https://letterboxd.com/film/entrails-of-a-beautiful-woman/
2018-11-25,The Hills Have Eyes,2006,https://letterboxd.com/film/the-hills-have-eyes-2006/
2018-11-26,Let's Scare Jessica to Death,1971,https://letterboxd.com/film/lets-scare-jessica-to-death/
2018-11-26,Two Thousand Maniacs!,1964,https://letterboxd.com/film/two-thousand-maniacs/
2018-11-26,Color Me Blood Red,1965,https://letterboxd.com/film/color-me-blood-red/
2018-11-26,The New York Ripper,1982,https://letterboxd.com/film/the-new-york-ripper/
2018-11-26,Maniac,1963,https://letterboxd.com/film/maniac-1963/
2018-11-26,Die! Die! My Darling!,1965,https://letterboxd.com/film/die-die-my-darling/
2018-11-27,Mary Jane's Not a Virgin Anymore,1998,https://letterboxd.com/film/mary-janes-not-a-virgin-anymore/
2018-11-27,I Was a Teenage Serial Killer,1993,https://letterboxd.com/film/i-was-a-teenage-serial-killer/
2018-11-28,Cry When It Happens,2010,https://letterboxd.com/film/cry-when-it-happens/
2018-11-28,The Net,2003,https://letterboxd.com/film/the-net-2003/
2018-11-28,The Go-Go Boys: The Inside Story of Cannon Films,2014,https://letterboxd.com/film/the-go-go-boys-the-inside-story-of-cannon-films/
2018-11-29,Possum,2018,https://letterboxd.com/film/possum/
2018-11-29,Wish Upon,2017,https://letterboxd.com/film/wish-upon/
2018-11-29,Apostle,2018,https://letterboxd.com/film/apostle-2018/
2018-11-29,Joe,1970,https://letterboxd.com/film/joe/
2018-11-29,House of the Long Shadows,1983,https://letterboxd.com/film/house-of-the-long-shadows/
2018-11-29,Barfly,1987,https://letterboxd.com/film/barfly/
2018-11-29,Runaway Train,1985,https://letterboxd.com/film/runaway-train/
2018-11-29,King Solomon's Mines,1985,https://letterboxd.com/film/king-solomons-mines-1985/
2018-11-29,The Delta Force,1986,https://letterboxd.com/film/the-delta-force/
2018-11-29,Invasion U.S.A.,1985,https://letterboxd.com/film/invasion-usa-1985/
2018-11-30,Psychos in Love,1987,https://letterboxd.com/film/psychos-in-love/
2018-11-30,Last Night At The Alamo,1983,https://letterboxd.com/film/last-night-at-the-alamo/
2018-11-30,The House That Jack Built,2018,https://letterboxd.com/film/the-house-that-jack-built-2018/
2018-11-30,The Case of the Morituri Divisions,1985,https://letterboxd.com/film/the-case-of-the-morituri-divisions/
2018-11-30,The Sisterhood,1988,https://letterboxd.com/film/the-sisterhood/
2018-12-01,Glen or Glenda,1953,https://letterboxd.com/film/glen-or-glenda/
2018-12-01,The Sinister Urge,1960,https://letterboxd.com/film/the-sinister-urge/
2018-12-01,The Violent Years,1956,https://letterboxd.com/film/the-violent-years/
2018-12-01,On the Beach,1959,https://letterboxd.com/film/on-the-beach/
2018-12-01,True Stories,1986,https://letterboxd.com/film/true-stories/
2018-12-01,The Other Side Of Madness,1970,https://letterboxd.com/film/the-other-side-of-madness/
2018-12-01,Three on a Meathook,1973,https://letterboxd.com/film/three-on-a-meathook/
2018-12-02,The Favourite,2018,https://letterboxd.com/film/the-favourite/
2018-12-02,Taste of Fear,1961,https://letterboxd.com/film/taste-of-fear/
2018-12-02,Night of the Living Dead,1990,https://letterboxd.com/film/night-of-the-living-dead-1990/
2018-12-03,Christian Mingle,2014,https://letterboxd.com/film/christian-mingle/
2018-12-03,Silent Rage,1982,https://letterboxd.com/film/silent-rage/
2018-12-03,Midnight Offerings,1981,https://letterboxd.com/film/midnight-offerings/
2018-12-03,I'm Not Fascinating,1996,https://letterboxd.com/film/im-not-fascinating/
2018-12-04,Superstar: The Karen Carpenter Story,1988,https://letterboxd.com/film/superstar-the-karen-carpenter-story/
2018-12-04,Far from Heaven,2002,https://letterboxd.com/film/far-from-heaven/
2018-12-04,The Green Fog,2017,https://letterboxd.com/film/the-green-fog/
2018-12-04,Vigilante,1983,https://letterboxd.com/film/vigilante/
2018-12-04,Sugar Hill,1974,https://letterboxd.com/film/sugar-hill/
2018-12-04,The Return,1980,https://letterboxd.com/film/the-return-1980/
2018-12-05,Suburban Sasquatch,2004,https://letterboxd.com/film/suburban-sasquatch/
2018-12-06,Shoplifters,2018,https://letterboxd.com/film/shoplifters/
2018-12-06,The Night Child,1975,https://letterboxd.com/film/the-night-child/
2018-12-07,The Night Eats the World,2018,https://letterboxd.com/film/the-night-eats-the-world/
2018-12-07,The Psychic,1977,https://letterboxd.com/film/the-psychic/
2018-12-07,Hollywood Ghost Stories,1986,https://letterboxd.com/film/hollywood-ghost-stories/
2018-12-07,"Goke, Body Snatcher from Hell",1968,https://letterboxd.com/film/goke-body-snatcher-from-hell/
2018-12-07,"Lisa, Lisa",1974,https://letterboxd.com/film/lisa-lisa/
2018-12-07,Shock,1977,https://letterboxd.com/film/shock-1977/
2018-12-08,The Exterminator,1980,https://letterboxd.com/film/the-exterminator/
2018-12-09,Next of Kin,1982,https://letterboxd.com/film/next-of-kin-1982/
2018-12-09,BrightBurn,2019,https://letterboxd.com/film/brightburn/
2018-12-11,The Living Dead at Manchester Morgue,1974,https://letterboxd.com/film/the-living-dead-at-manchester-morgue/
2018-12-11,Knowing,2009,https://letterboxd.com/film/knowing/
2018-12-11,Can You Ever Forgive Me?,2018,https://letterboxd.com/film/can-you-ever-forgive-me/
2018-12-11,Abby,1974,https://letterboxd.com/film/abby/
2018-12-11,Sonny Boy,1989,https://letterboxd.com/film/sonny-boy-1989/
2018-12-12,Cleopatra Wong,1978,https://letterboxd.com/film/cleopatra-wong/
2018-12-12,Eating Air,1999,https://letterboxd.com/film/eating-air/
2018-12-12,Flower,2017,https://letterboxd.com/film/flower-2017/
2018-12-12,Thoroughbreds,2017,https://letterboxd.com/film/thoroughbreds-2017/
2018-12-12,Nosferatu,2021,https://letterboxd.com/film/nosferatu-2021/
2018-12-12,American Animals,2018,https://letterboxd.com/film/american-animals/
2018-12-13,Vibrations,1996,https://letterboxd.com/film/vibrations-1996/
2018-12-13,Roar,1981,https://letterboxd.com/film/roar/
2018-12-13,Quigley,2003,https://letterboxd.com/film/quigley/
2018-12-14,One Cut of the Dead,2017,https://letterboxd.com/film/one-cut-of-the-dead/
2018-12-14,Fear in the Night,1972,https://letterboxd.com/film/fear-in-the-night-1972/
2018-12-15,Utøya: July 22,2018,https://letterboxd.com/film/utoya-july-22/
2018-12-16,The Visitants,1986,https://letterboxd.com/film/the-visitants/
2018-12-16,Macabre,1958,https://letterboxd.com/film/macabre/
2018-12-16,Macabre,1980,https://letterboxd.com/film/macabre-1980/
2018-12-16,2LDK,2003,https://letterboxd.com/film/2ldk/
2018-12-16,Chelsea Girls,1966,https://letterboxd.com/film/chelsea-girls/
2018-12-16,Empire,1964,https://letterboxd.com/film/empire-1964/
2018-12-16,Terror In Beverly Hills,1989,https://letterboxd.com/film/terror-in-beverly-hills/
2018-12-17,"Khrustalyov, My Car!",1998,https://letterboxd.com/film/khrustalyov-my-car/
2018-12-17,The Extraordinary Adventures of Mr. West in the Land of the Bolsheviks,1924,https://letterboxd.com/film/the-extraordinary-adventures-of-mr-west-in-the-land-of-the-bolsheviks/
2018-12-17,Like Me,2017,https://letterboxd.com/film/like-me/
2018-12-17,Order of the Black Eagle,1987,https://letterboxd.com/film/order-of-the-black-eagle/
2018-12-18,The Final Sacrifice,1990,https://letterboxd.com/film/the-final-sacrifice/
2018-12-18,Death Spa,1988,https://letterboxd.com/film/death-spa/
2018-12-19,A Letter to Three Wives,1949,https://letterboxd.com/film/a-letter-to-three-wives/
2018-12-19,Trapeze,1956,https://letterboxd.com/film/trapeze/
2018-12-20,A Bread Factory Part One: For the Sake of Gold,2018,https://letterboxd.com/film/a-bread-factory-part-one-for-the-sake-of-gold/
2018-12-20,A Bread Factory Part Two: Walk with Me a While,2018,https://letterboxd.com/film/a-bread-factory-part-two-walk-with-me-a-while/
2018-12-20,Burning,2018,https://letterboxd.com/film/burning-2018/
2018-12-21,Nymphomaniac: Vol. I,2013,https://letterboxd.com/film/nymphomaniac-volume-i/
2018-12-21,Inquiring Nuns,1968,https://letterboxd.com/film/inquiring-nuns/
2018-12-22,Uninvited,1988,https://letterboxd.com/film/uninvited/
2018-12-22,Cocktail,1988,https://letterboxd.com/film/cocktail/
2018-12-22,A Kiss from Mary Pickford,1927,https://letterboxd.com/film/a-kiss-from-mary-pickford/
2018-12-23,The Day of the Beast,1995,https://letterboxd.com/film/the-day-of-the-beast/
2018-12-23,Ivan Vasilyevich Changes His Profession,1973,https://letterboxd.com/film/ivan-vasilyevich-changes-his-profession/
2018-12-23,Christopher Strong,1933,https://letterboxd.com/film/christopher-strong/
2018-12-23,Savage Weekend,1979,https://letterboxd.com/film/savage-weekend/
2018-12-23,Wacko,1982,https://letterboxd.com/film/wacko/
2018-12-23,Coonskin,1975,https://letterboxd.com/film/coonskin/
2018-12-23,Bloodsucking Freaks,1976,https://letterboxd.com/film/bloodsucking-freaks/
2018-12-23,Kill!,1971,https://letterboxd.com/film/kill-1971/
2018-12-23,Werewolves on Wheels,1971,https://letterboxd.com/film/werewolves-on-wheels/
2018-12-23,Auch Fummeln will gelernt sein,1972,https://letterboxd.com/film/auch-fummeln-will-gelernt-sein/
2018-12-23,Flesh for Frankenstein,1973,https://letterboxd.com/film/flesh-for-frankenstein/
2018-12-23,The Lottery,1969,https://letterboxd.com/film/the-lottery-1969/
2018-12-23,Eliminators,1986,https://letterboxd.com/film/eliminators/
2018-12-23,Orgasmo,1969,https://letterboxd.com/film/orgasmo/
2018-12-23,Trick or Treats,1982,https://letterboxd.com/film/trick-or-treats/
2018-12-23,Rituals,1977,https://letterboxd.com/film/rituals/
2018-12-23,The Legend of Frenchie King,1971,https://letterboxd.com/film/the-legend-of-frenchie-king/
2018-12-25,Satan Said Dance,2017,https://letterboxd.com/film/satan-said-dance/
2018-12-27,Dead of Night: A Woman Sobbing,1972,https://letterboxd.com/film/dead-of-night-a-woman-sobbing/
2018-12-30,She Done Him Wrong,1933,https://letterboxd.com/film/she-done-him-wrong/
2018-12-30,The Great Lie,1941,https://letterboxd.com/film/the-great-lie/
2018-12-30,Tempest,1928,https://letterboxd.com/film/tempest-1928/
2018-12-30,Manslaughter,1922,https://letterboxd.com/film/manslaughter-1922/
2018-12-31,The Last Vampire On Earth,2010,https://letterboxd.com/film/the-last-vampire-on-earth/
2018-12-31,Alien from the Deep,1989,https://letterboxd.com/film/alien-from-the-deep/
2018-12-31,Alienator,1990,https://letterboxd.com/film/alienator/
2019-01-03,Parisian Love,1925,https://letterboxd.com/film/parisian-love/
2019-01-03,The Cooler,2003,https://letterboxd.com/film/the-cooler/
